id,reply_id,reply_content,reply_date
2864052,ㅇㅇ(183.101),아닌데 결혼하고 자식도 있던데,06.13 11:47:35
2864051,루도그담당(114.202),맞을래,06.12 23:56:31
2864051,ㅇㅇ,웹 서버 네트워크 타고 들어오고 탐지 분석,06.12 23:57:26
2864051,프갤러1(211.38),해킹배움,06.13 02:36:51
2864047,ㅇㅇ,로그 2일이나 지났는데,06.12 23:46:19
2864047,ㅇㅇ(122.45),ㅋㅋ 개븅쉰기업,06.12 23:51:54
2864047,ㅇㅇ(122.45),한녀식 기싸움하다가 지지침,06.12 23:52:07
2864047,ㅇㅇ,노24가 돼쁘버렸노,06.13 01:14:12
2864043,ㅇㅇ(211.235),에평 ㅋㅋㅋ,06.12 23:28:24
2864043,ㅇㅇ,스스로 되면 대기업갔지,06.12 23:44:18
2864043,ㅇㅇ(61.255),같은 인간인데 왜 사고방식이 다를까 유전이 아닐까?,06.12 23:49:13
2864043,프갤러1(1.213),뒷세대가 알아서 하겠지,06.13 00:19:01
2864042,슈퍼막코더(110.132),"캬 안철수님 드립같노 이기""이럴수도 있고 또는 아닐수도 있습니다""개발의 끝을 달리는 사람들은 다 이리 되는거노?",06.12 23:36:53
2864042,ㅆㅇㅆ(124.216),제가 뭔 개발의 끝이에요 안철수님 발끝에도 못미치는디,06.12 23:38:21
2864042,루도그담당(114.202),대중이다 대중이,06.12 23:46:42
2864042,익명의따당이,src랑 utils는 있을만 한뎅 ㅇㅅㅇ,06.13 09:07:12
2864038,발명도둑잡기,"재밌다 // ""도둑은 집을 떠나며 주인을 욕한다"" - 러시아 속담",06.12 22:57:07
2864038,ㅇㅇ(222.100),재밌는만큼 비전공자도 개나소나하는 허벌이지,06.12 23:36:50
2864038,hrin(220.120),저는 it보다는 this 공부가 더 재밌는듯 ㅇㅅㅇ  - dc App,06.12 23:45:10
2864037,ㅇㅇ,파이썬을 계산기처럼씀,06.12 22:46:50
2864037,김민지(180.226),데분도 코딩하는데?,06.12 22:56:07
2864037,프갤러1(106.101),코딩 많이 함,06.12 23:10:45
2864037,글쓴 프갤러(121.175),데이터분석가도 수학 잘해야해?  - dc App,06.12 23:11:09
2864035,헤르 미온느,휘~ 냄시.. ㅇㅅㅇ,06.13 08:22:07
2864034,발명도둑잡기,"보는데 // ""도둑은 집을 떠나며 주인을 욕한다"" - 러시아 속담",06.12 22:57:53
2864033,류류(118.235),떨어지나요 ㅇㅅㅇ,06.12 22:49:28
2864033,슈퍼막코더(126.166),애니메이션 만들어라 이기,06.12 23:38:10
2864033,루도그담당(114.202),필기 말하는거노,06.12 23:50:57
2864033,공기역학,silgi,06.13 01:47:20
2864033,헤르 미온느,디씨 주작기/해킹 차단기..ㅇㅅㅇ,06.13 08:23:05
2864033,공기역학,ㅇㅅㅇ,06.13 09:47:19
2864032,ㅇㅇ,풀스택이네,06.12 22:32:47
2864032,ㅇㅇ(175.197),결국 클라우드랑 자바코드로 처리하는건데?Vue나 리액트는 몰라요,06.12 22:46:47
2864032,ㅇㅇ,프론트는 ai나 검색해서 대충구현되잖아,06.12 22:53:51
2864029,밀우,그정도 수준되는 애들만 남은거야 지금보안은,06.12 22:30:48
2864026,김민지(180.226),ㄹㅇ?,06.12 22:26:55
2864026,밀우,ㅇㅇ 고려대 대학원 유묭함,06.12 22:27:15
2864026,김민지(180.226),ㄱㅅㄱㅅ,06.12 22:27:43
2864025,발명도둑잡기,"인디게임개발자 갤러리로 // ""도둑은 집을 떠나며 주인을 욕한다"" - 러시아 속담",06.12 23:01:49
2864025,글쓴 프갤러(211.36),거기 공지에 이런 글 쓰면 삭제라는데 간단한 조언이라도 받을 수 있을까요...제발 부탁드립니다  - dc App,06.12 23:34:20
2864024,김민지(180.226),자바 2명이요~,06.12 22:29:52
2864023,슈퍼막코더(110.132),게임개발자급이노 이기,06.12 22:22:16
2864023,밀우,근데 ctf하다보면 재미는 있음 ㅋㅋ 퍼즐푸는거같아서 암호학도 솔직히 수학좋아해서 보안깊게팟으면 했을듯,06.12 22:25:16
2864023,슈퍼막코더(110.132),@밀우 캬 쌉능력자 게이노난 내가 쓴 코드도 다시보기 싫던데 이기,06.12 22:44:34
2864020,ㅇㅇ,학과때 안배우는거지 나중에 다 배워야됨,06.12 22:18:54
2864020,밀우,코딩배운애는 이미 보안탈출했음,06.12 22:21:18
2864020,ㅇㅇ(175.197),보안을 코딩적으로도 해결하는데요,06.12 23:10:10
2864018,ㅇㅇ,학과가 존나 적어서,06.12 22:15:59
2864018,밀우,돈이 좆같이짜잖아,06.12 22:16:24
2864015,슈퍼막코더(110.132),맞다 이기그러나 사람이 어렵다,06.12 22:16:34
2864015,ㅆㅇㅆ(124.216),ㄹㅇ...,06.12 22:17:56
2864014,ㅇㅇ,그정돈 아니든디...,06.12 21:48:18
2864012,류도그담당(114.202),괜히 IT 업계중에 하방 제일 많이 박살난게 아님,06.12 21:43:24
2864012,ㅆㅇㅆ(124.216),ㄹㅇ,06.12 21:45:19
2864012,슈퍼막코더(126.166),잘했다 이기웹은 취업을 해야하는데 게이랑은 안맞는다,06.12 21:45:29
2864012,ㅆㅇㅆ(124.216),그러게요,06.12 21:48:27
2864010,ㅆㅇㅆ(124.216),안치<<신,06.12 21:26:57
2864010,루도그담당(114.202),병 ㅇㅅㅇ,06.12 21:31:08
2864010,ㅇㅇ,안치가 뭐임,06.12 22:15:21
2864006,ㅇㅇ,개발 니수준까지 배우려면 인생 한번더살야됨,06.12 21:06:39
2864006,ㅆㅇㅆ(124.216),ㄹㅇ?,06.12 21:08:07
2864006,루도그담당(114.202),보안 재밌음,06.12 21:08:32
2864006,ㅆㅇㅆ(124.216),ㄹㅇ??,06.12 21:18:18
2864006,프갤러1(211.42),만들어진지 오래된 오픈채팅방 개당 5천원에 삽니다~~아무도없어도 상관없음~~~ Open59  ㅋㅌ ㄱㄱ!!,06.12 21:14:06
2864006,ㅇㅇ(220.78),걍 아는만큼보이는거지 그쪽배우는애들이 취업생각하고 배우겟냐 걍 사이드플젝하듯이 몽말인지 알지?,06.12 22:09:27
2864005,ㅇㅇ(14.52),서울대 ㄷㄷ,06.12 20:59:28
2864004,ㅆㅇㅆ(124.216),그러는거 아니야,06.12 20:55:53
2864004,류도그담당(114.202),너 예전에 Rx가 빡쳐서 고소드립 친 얘 아니냐?ㅋㅋㅋ,06.12 21:14:40
2864001,ㅇㅇ(175.197),300개는 넣어봄?,06.12 20:46:40
2864001,ㅇㅇ,일자체가 없음,06.12 21:15:52
2864000,밀우,아니 딴직업이더힘들다,06.12 20:40:14
2864000,ㅇㅇ(175.197),너 피셜 아니고?,06.12 20:46:10
2864000,밀우,@ㅇㅇ(175.197) 내가 좆기기사따고 비비다가 it넘어왓어,06.12 20:49:41
2864000,ㅇㅇ(175.197),아 그나마 이쪽이 나았어?아님 니 실력이 ㅈㄴ 뛰어난거아냐?,06.12 20:51:32
2864000,밀우,@ㅇㅇ(175.197) 글쎄 좆기는 걍 지원자수가 압도적으로 많아서 안고이면 취업이 힘들었거든 it는 고인물들은 죄다 서비스 회사가고 밑에 금융이나 대기업도 주절먹한다는 애들 널려서 한발짝 물러나면 취업할곳 많앗ㅈ,06.12 20:53:13
2863999,헬마스터,돈이 중요한것이 아니다.의미있는 일을 해라. 회사에 기여하고 돈이 아닌 진정한 개발귀가 됐다는 뿌듯함을 추구하라.돈은 그럼 알아서 들어오는 것.,06.12 20:33:01
2863999,프갤러1(122.128),사장님 열정페이는 나빠요,06.12 20:34:56
2863999,개멍청한유라,일? 너나해 한남 ㅠ 죽어 설교하지마  - dc App,06.12 20:36:46
2863999,ㅆㅇㅆ(124.216),나도..,06.12 20:34:43
2863999,발명도둑잡기,"이재명 기본소득 정책 포기했음 // ""도둑은 집을 떠나며 주인을 욕한다"" - 러시아 속담",06.12 21:29:47
2863998,ㅆㅇㅆ(124.216),냥덩이한테 관심받고싶어하는거봐 ㄷㄷ,06.12 20:36:06
2863996,ㅆㅇㅆ찡,노무현의 환생,06.12 20:24:28
2863996,헬마스터,흔들어라 이기야. 저 굴러들어온놈,06.12 20:25:25
2863996,아스카영원히사랑해,헬마님도 mc무현의 라임을 즐기시는군요,06.12 20:24:55
2863996,개멍청한유라,차도잘만들고 배도잘만들고 못하는게없는데!  - dc App,06.12 20:26:19
2863996,개멍청한유라,경제도 잘하고 문화도 잘하고~  - dc App,06.12 20:26:42
2863996,헬마스터,똥도 잘싸고 시말서도 잘쓰고 한녀한테 잘털리고 한남욕하다 정지도 잘 먹고 못하는게 없는데!,06.12 20:28:20
2863996,개멍청한유라,ㅋㅋㅋㅋㅋㅋㅋㅋㅋㅌㅋㅋㅋㅋㅋㅋㅋㅋ  - dc App,06.12 20:29:48
2863996,개멍청한유라,야이씨발년아!°°°°°°!!!!!!!!!!!!!!  - dc App,06.12 20:29:58
2863994,아스카영원히사랑해,이쯤되면 하늘에 있는 노무현도 응원할 듯,06.12 20:18:52
2863994,ㅇㅇ,@아스카영원히사랑해 개발자 후배 마지막까지 잘해볼게요 슨배님,06.12 20:25:46
2863994,개멍청한유라,화이팅  - dc App,06.12 20:25:48
2863994,밀우,와 근데 6인너무 에매하다,06.12 20:50:38
2863994,ㅇㅇ,2년 경력 버틴다는 마음으로 여기라도 부디 되면 좋겠음..ㅋㅋ  매년 입사/퇴사 오가면서 6~8명 유지되는 분위기,06.12 21:03:54
2863993,개멍청한유라,ㅋㅋ 몸조심해라? ㅋ  - dc App,06.12 20:25:24
2863984,개멍청한유라,ㅆㅆㅅㅌㅊ  - dc App,06.12 20:28:33
2863983,익명의따당이,상관 없을듯,06.12 21:29:54
2863983,익명의따당이,내용증명 날라오면 까먹었다 하고 내면됨,06.12 21:30:04
2863980,헬마스터,어? 아! 어? 아! 아! 어? 어? 아!,06.12 19:03:54
2863980,ㅇㅇ(211.235),어아어아하게 만들어줘~,06.12 19:14:43
2863978,헬마스터,김부장 멍사원 얘기립니까?,06.12 19:02:46
2863978,ㅇㅇ,시말서는 왜 썼습니까,06.12 19:58:33
2863978,개멍청한유라,"결론은 또 저의 잘못, 온전한 저의 잘못입니다  - dc App",06.12 20:28:06
2863978,부드러운곰탱이,아무리 한남이 싫어도 그렇지 패치로 바쁠 때 런을 치냐,06.12 21:58:57
2863978,개멍청한유라,사실오늘 약속이 있었어요  - dc App,06.12 22:02:34
2863977,개멍청한유라,냥덩아 나는?  - dc App,06.12 18:53:18
2863977,♥냥덩이♥,진짜 너 볼때마다 가슴이 답답한데 그만 좀 해,06.12 18:57:48
2863977,개멍청한유라,너 왜그래?  - dc App,06.12 18:58:05
2863977,개멍청한유라,어떻게 나한테 이래...  - dc App,06.12 18:58:11
2863977,♥냥덩이♥,까불지마 넌 가해자야,06.12 19:10:04
2863977,개멍청한유라,너가 가해자야  - dc App,06.12 20:27:05
2863976,개멍청한유라,냥덩아 슬기는?  - dc App,06.12 18:51:54
2863975,개멍청한유라,좋은말씀이다 새겨들어 임마 ㅋ  - dc App,06.12 18:51:45
2863975,헬마스터,업무중 안전을 위해 똥을 작작 싸주세요.감사합니다.,06.12 18:59:59
2863974,프갤러1(183.101),귀여워,06.12 18:34:14
2863973,아스카영원히사랑해,대학생이면 그냥 윈트북 추천하는데,06.12 18:31:41
2863973,아스카영원히사랑해,hwp 안 열리고과제 보내면 ㄱㅛㅅㅜㄴㅣㅁ 이렇게 깨지고게임 안되는 거 개많은데 ㄱㅊ?,06.12 18:32:31
2863973,아스카영원히사랑해,물론 그거 말고는 아이폰 유저에게 최고의 노트북 맞음,06.12 18:33:09
2863973,개멍청한유라,짱좋다  - dc App,06.12 18:52:02
2863973,헤르 미온느,3D 할라믄 맥은 별로다 ㅇㅅㅇ,06.12 21:36:27
2863970,ㅇㅇ,넹,06.12 18:14:36
2863969,프갤러1(220.120),제가 찾던 개발자 관련 조언 여기 있네요 - dc App,06.12 18:39:33
2863968,루도그담당(223.39),학생이라고 네고 << 더 해주기 싫음학생이 벼슬이노,06.12 17:26:55
2863968,ㅆㅇㅆ(124.216),아 진짜 머리통 깨부수고 싶다,06.12 17:27:15
2863968,ㅇㅇ(211.235),학생의 발전을 위해 몇몇함수 todo 처리해서 납품하자,06.12 17:37:51
2863968,개멍청한유라,네고맨봤나봐 ㅠ   - dc App,06.12 18:52:23
2863968,ㅇㅇ(118.235),ㅋㅋ,06.12 18:53:51
2863968,슈퍼막코더(126.166),자영업자의 고충은 영원하노 이기,06.12 18:59:01
2863966,프갤러1(121.190),만들어진지 오래된 옵챗방 개당 5천원에 삽니다~~아무도없어도 상관없음~~~Open59  톡 ㄱㄱ!!,06.12 17:23:44
2863965,ㅇㅇ(183.101),특이점갤러리보니까 뇌 구조 파악중인데 뉴런가중치 분석해서 새로운 모델 나올듯,06.12 17:21:12
2863965,글쓴 프갤러(122.36),"가중치 분석이 얼마나 가치가 있는 작업인지는 잘은 모르겠다만, 직관적으로 생각해 봤을 땐 예측모델이라는 틀을 벗어나는 방식은 아닐거라고 생각이 됨. 정말 인간의 지능이 패턴예측에서 끝나는걸까?",06.12 17:23:27
2863965,프갤러1(183.101),일리야 수츠케버는 그렇게 생각하고있음 인간지능도 그정도일거라고,06.12 18:09:37
2863961,아아아앙,아다냐  - dc App,06.12 17:31:45
2863961,프갤러2(183.101),모솔이 아다지 그럼.. 뭔데,06.12 18:33:22
2863961,프갤러1(118.235),국결,06.12 18:28:21
2863953,ㅇㅇ(183.101),중앙집권이니까,06.12 16:23:39
2863953,ㅇㅇ(183.101),지방 호족단위면 맨날털리는게 관료고인간들은 걍 상인하는게낫지,06.12 16:24:27
2863953,ㅇㅇ(183.101),기술이나 왜냐 기술인은 서로 데려가니까.유럽도보면 과학자를 지역 유명가문에서 지원했음,06.12 16:25:07
2863952,프갤러1(211.235),그건맞음 ㅋㅋㅋ 나도 직장은 걍 깔아두고 공무원준비하면서 붙으면 옮기려고,06.12 16:18:16
2863952,타이밍뒷통수한뱡(1.213),노인들이 글쓴이를 매장할것입니다,06.12 16:21:05
2863951,프갤러1(211.235),상식적으로 개발자 들이 하는게 다른 업종에서 하는거 표준화/자동화/간소화 해주는건데 다른직업이 먼저 뒤지면 뒤졌지 개발자가 먼저 뒤지겠냐..,06.12 16:16:18
2863951,ㅇㅇ(183.101),간호사준비하나봄,06.12 16:16:33
2863951,프갤러1(211.235),@ㅇㅇ(183.101) 오 그건 대체불가지 ㅇㅈ,06.12 16:16:46
2863951,ㅇㅇ(183.101),뭐할꺼야?,06.12 16:16:21
2863949,프갤러1(60.196),개발자도 생산직이야! ㅇ ㅅㅇ,06.12 16:09:29
2863949,ㅇㅇ,공부안하면 도태되고 대기업 비교도안되게 바늘구멍에다 단순 노동직은 AI로 빠르기 실직 되자나차라리 현장직은 노조 때문이라도 회사가 아에 망하는거 아니면 정규직은 정년까지 못짤라서 좋단말이지  - dc App,06.12 16:12:20
2863949,프갤러2(211.235),평생 4800,06.12 16:20:09
2863949,ㅇㅇ,15년차 햄 연봉 1억넘는디 과세 붙어서 찡찡대심  - dc App,06.12 16:24:14
2863949,ㅇㅇ(183.101),평생 4800이런애들은 현실을 모르네,06.12 16:29:00
2863949,ㅇㅇ(175.197),도대체 생산직은 뭘준비해? 체력? 힘?,06.12 20:23:08
2863949,ㅇㅇ,자격증  - dc App,06.13 04:27:49
2863949,ㅇㅇ(175.197),어떤?,06.13 07:56:27
2863948,프갤러1(60.196),지과장님 밑으로 다 조용히 햇!,06.12 15:58:35
2863948,익명의따당이,0yes24 자주 쓰는뎅..,06.12 16:31:35
2863947,루도그담당(223.39),!!!!!!,06.12 16:15:08
2863944,프갤러1(60.196),행복은 구라에서 오는 것ㅇ ㅅㅇ;,06.12 15:45:05
2863944,개멍청한유라,하ㅋ 이씨발년ㅋ 좀하네?  - dc App,06.12 15:47:40
2863944,프갤러2(211.235),에러터지면 rg?,06.12 16:17:39
2863937,응게이(211.234),"ㅋㅋㅋㅋㅋ 개불쌍하네. 나도 짬안될때, 리펙토링 했다가 원복하라고 해서 ㅈ 같았다.이 바닥에 병신들이 한 가득이라서 어쩔수 없어.시발. 나는 40대인데도 아직 눈치 보면서 수정한다.",06.12 15:12:47
2863937,글쓴 프갤러(60.196),대충 말 섞어보니까 인터페이스까지만 알고 디자인 패턴은 몰라서 본인이 모르는거 하지 말라고 하는 듯 ㅇ ㅅㅇ;...,06.12 15:20:33
2863937,루도그담당(223.39),좆소에선 패턴은 사치인거 몰랐노?,06.12 15:20:17
2863937,글쓴 프갤러(60.196),쉬운 프로젝트에서 써봐야 나중에 큰 프로젝트에도 쓸 수 있을거 같아서 패턴 처음 써보는 프로젝트였는데 바로 컷.... ㅇ ㅅㅇ;,06.12 15:21:41
2863937,프갤러2(211.235),좆소니까 씨바 하고싶은거 다하고 연습하는거지,06.12 16:19:11
2863937,프갤러1(121.145),꼭 쓰잘때기없는 디자인패턴 써서 깝치더라가독성 좋을떈 if else 문이 좋다 뭔 이상한 교과서 들고와서 유지보수 더 헬로 만드는 애가 젤 혐오임 특히 신입ㅋㅋㅋ,06.12 16:16:31
2863937,프갤러2(211.235),좆소니까 씨바 하고싶은거 다하고 연습하는거지 대기업이면 하겠냐,06.12 16:19:21
2863937,프갤러2(211.235),C#은 C가 아닌데요 했어야지,06.12 16:18:40
2863937,부드러운곰탱이,나도 초반에 팩토리로 만들었는데 switch 써놓음,06.12 22:02:31
2863936,루도그담당(223.39),래퍼는 랩하는 사람이지오,06.12 14:50:05
2863936,넥도리아(175.196),레퍼도리 애기한거 아닌가,06.12 15:47:38
2863936,ㅇㅇ,네이버 블로그,06.12 14:53:06
2863936,글쓴 프갤러(106.101),고맙다,06.12 15:15:53
2863936,글쓴 프갤러(106.101),아니 고맙습니다.,06.12 15:16:11
2863936,넥도리아(175.196),"다음 티스토리,nate 블로그",06.12 15:47:52
2863934,글쓴 프갤러(106.101),검색해보고 깨달았다,06.12 14:35:08
2863934,프갤러1(211.235),ㄷㄷ 1분만에 깨달았노,06.12 14:37:57
2863934,프갤러1(211.235),어차치 구글링하지만 프갤에 물어봄으로써 프로그래밍 갤러리에 활기가 돕니다. 이것이 프갤경제학,06.12 14:38:23
2863933,프갤러1(211.235),배부르다고? 이것까지만 더먹자 이것도 더먹자,06.12 14:49:42
2863932,프갤러1(106.101),ㄹㅇㅋㄴ,06.12 14:32:26
2863932,프갤러2(211.235),지금이라도 해라,06.12 14:37:44
2863930,ㅆㅇㅆ(124.216),이거 씨발 존나 동의합니다,06.12 14:27:44
2863930,프갤러1(106.101),학습의 속도는 빨라지겠네,06.12 14:28:12
2863930,글쓴 프갤러(211.235),맞음 딱 그정도 근데 양날검인게 ai 로 뽑아낸거 보고 공부하면서 자기걸로 만들어야하는데 그냥 딸깍딸깍하고 아무생각 안하는 사람이 더 많음 ㅇㅅㅇ,06.12 14:30:02
2863930,프갤러1(106.101),무지성도 간혹 도움이 될때도 있긴 하더라 ㅋㅋㅋ근데 남용하는건 좋은게 아니지,06.12 14:31:38
2863930,ㅇㅇ,"나도 아직까진 럭키 구글링이긴한데, 이걸 나름대로 방법을 발견해서 쓰면 좋지 않을지 생각은 하는데 지능이 딸린다 이기",06.12 14:57:54
2863930,프갤러2(121.145),ㅋㅋ 그건 지금 시점이고 2~3년 뒤엔 다 대체다 왜케 학습능력이 떨어질까?,06.12 16:13:19
2863930,글쓴 프갤러(211.235),그 말 2~3년 전에도 했음 ㅋㅋ,06.12 16:15:24
2863930,ㅇㅇ(175.197),맞는데 저거로 2명중 1명은 짤림,06.12 20:25:36
2863930,프갤러3(220.95),맞음. 개발 문외한들이 질문 하나면 다 해주고 될줄알음 ㅋㅋㅋㅋ 고도화할수록 이상하게 알려주는데 이걸 어떻게 물어서 해결해야하나도 아이디어 고갈나서 묻지도 못함ㅋㅋㅋㅋㅋ,06.12 21:10:50
2863929,루도그담당(223.39),순서는 없고 그냥 배우고싶은대로 배우면 됌,06.12 14:26:58
2863929,글쓴 프갤러(220.69),현재 4학년인데 게임 이론쪽으로만 많이 배워서 기초적인 지식이 너무 부족해 공부해보려고 합니다. 이런 방향으로 공부를 하면 괜찮을 까요?,06.12 14:28:01
2863929,루도그담당(223.39),ㄱㄱ 상관없음,06.12 14:30:23
2863929,글쓴 프갤러(220.69),@글쓴 프갤러(220.69) ㅇㅎ 감사합니다,06.12 14:50:05
2863927,프갤러1(211.235),내가볼때 프갤에서 ㅆㅇㅆ가 진국임 얘 빼면 다 똥글이야 루비정도만 가끔 쓸만한거 올리고,06.12 14:23:25
2863927,글쓴 프갤러(106.101),인정,06.12 14:23:53
2863927,루도그담당(223.39),다중이다,06.12 14:30:54
2863927,ㅆㅇㅆ(124.216),들켰뿟노,06.12 14:39:35
2863925,프갤러1(183.101),화면 crud 정도만 되는 앱들은 디자이너가 피그마랑 커서 2주붙잡고 만들더라   무슨 가계부 앱 혼자만듦,06.12 14:22:30
2863925,ㅆㅇㅆ(124.216),맞아,06.12 14:23:59
2863923,프갤러1(183.101),특이점은 2045년이고 구글의  agi 는 2035년이야,06.12 14:18:52
2863923,프갤러2(211.235),mcp 편하긴한데 순식간에 다 조질수있어서 무섭다,06.12 14:19:33
2863923,ㅆㅇㅆ(124.216),ㄹㅇ,06.12 14:19:59
2863918,프갤러1(211.235),??,06.12 14:08:03
2863918,프갤러1(211.235),앱 웹수요랑 딸깍하면 분석해서 가져다주는거랑 무슨 연관이있음?(진짜머름),06.12 14:08:32
2863918,글쓴 프갤러(183.101),트래픽줄어들고 광고수익 줄어들음,06.12 14:09:05
2863918,프갤러1(211.235),@글쓴 프갤러(183.101) 웹 앱을 너무 한정적으로만 보는듯 ㅇㅅㅇ;왠만한 회사들 웹하나씩 다 들고가는데 이게 트래픽이나 광고수익 노리는게 아니잖음 ㅇㅅㅇ,06.12 14:11:17
2863917,프갤러1(183.101),ai 딸깍 되면 언어안중요해짐,06.12 14:05:04
2863917,글쓴 프갤러(211.235),그런날은 안옴 ㅇㅅㅇ,06.12 14:05:35
2863917,글쓴 프갤러(211.235),그냥 고성능 구글링머신가지고 뭐할거임 ㅇㅅㅇ 한계가 명확함,06.12 14:05:58
2863917,프갤러1(183.101),머래 뇌도 퍼셉트론인데,06.12 14:06:21
2863917,프갤러2(106.101),원래 아는만큼 보인다.,06.12 14:13:40
2863917,글쓴 프갤러(211.235),나보다 잘 아는 너도 설명좀 ㅇㅅㅇ,06.12 14:14:49
2863917,프갤러2(106.101),나도 잘 모르는데?,06.12 14:24:31
2863917,글쓴 프갤러(211.235),@프갤러2(106.101) ㅇㅅㅇ..,06.12 14:27:52
2863909,배구공(119.202),페브리즈,06.12 13:33:06
2863907,프갤러1(218.154),기획서목적 이거랑 이거 테이블 하나로 처리하겠습니다.사유 내가 머리속에 이미 그렇게 계획되어있음이상 허가해주시기 바랍니다.  - dc App,06.12 13:30:06
2863907,ㅆㅇㅆ(124.216),ㅇ ㅅㅇ...,06.12 13:30:43
2863907,프갤러2(211.235),문서화 하라고,06.12 14:00:40
2863906,프갤러1(210.220),만들어진지 오래된 옵챗방 개당 5천원에 다삽니당 !!ㅅㅅㅅ~~아무도없어도 상관없음~~~ Open59  카톡 ㄱㄱ!!,06.12 13:23:00
2863905,배구공(119.202),ㅋ,06.12 13:13:01
2863904,배구공(119.202),존나 븅신같네,06.12 13:12:16
2863903,슈퍼막코더(126.156),게임을 때려치라 이기,06.12 13:07:59
2863903,ㅆㅇㅆ(124.216),안됩니다,06.12 13:11:07
2863903,슈퍼막코더(126.156),@ㅆㅇㅆ(124.216) 돈 안되면 때려치라 이기,06.12 13:12:54
2863903,프갤러1(106.102),게임개발만이 유일한 탈출구임 ㅇㅅㅇ,06.12 13:45:20
2863902,배구공(119.202),도레미파솔라 시도 피존투 또가스,06.12 13:00:55
2863901,배구공(119.202),중간언어가 보안에 쮜약하다고 줏어들은기억이 있어요,06.12 12:55:53
2863901,배구공(119.202),취,06.12 12:56:13
2863901,루도그담당(223.39),그러게 왜 c#을 안하려하는거지 자바 아니면 파이썬,06.12 13:03:33
2863901,ㅆㅇㅆ(124.216),ㄹㅇ..,06.12 13:11:13
2863901,프갤러1(211.235),사람구하기 힘듬,06.12 14:00:58
2863901,프갤러1(211.235),만들면 다가 아니라 유지보수도 생각해야하는데 사람 구하기 힘들다는건 유지보수가 힘들다는것,06.12 14:02:54
2863901,ㅆㅇㅆ(124.216),fd,06.12 14:19:40
2863901,ㅆㅇㅆ(124.216),흠,06.12 14:19:44
2863899,배구공(119.202),자,06.12 12:47:50
2863899,배구공(119.202),자라,06.12 12:57:28
2863899,배구공(119.202),거북이,06.12 12:57:35
2863899,배구공(119.202),남생이,06.12 12:57:47
2863898,배구공(119.202),조금더 볼륨을 높혀줘,06.12 12:49:04
2863897,루도그담당(223.39),ㅜㅜ,06.12 12:38:36
2863897,ㅆㅇㅆ(124.216),ㅠㅠ,06.12 12:54:34
2863897,ㅇㅇ(211.36),신입취업 올스톱임 우리회사도 매년 10-20명씩 뽑았는데 공고자체를 안올림,06.12 12:55:56
2863897,프갤러1(211.235),못해도 1년채우라고 안하드나,06.12 14:11:58
2863897,ㅇㅇ,3개월도 못버티고 튄놈을 누가뽑음,06.12 22:52:25
2863896,ㅇㅇ,얼마전에 rest api 나왔더라 activex로 하던 예전 자료 말고 그걸로 하면 수월할듯,06.12 12:26:36
2863896,ㅆㅇㅆ찡,굳,06.12 12:34:01
2863896,루도그담당(223.39),이거 불법아니냐고오,06.12 12:38:23
2863896,ㅆㅇㅆ(124.216),아님 남의 매매 알고리즘 그대로 만들어주는거라,06.12 12:40:20
2863895,무딱,이란 때렸다간 러중 지원 들어 올 거고 그럼 중동 미좆군 캠프 전체 운지됨,06.12 12:53:47
2863895,ㅆㅇㅆ(124.216),마치 ㅆㅇㅆ가 프갤에서 철수하는 것과 같군요,06.12 12:58:58
2863894,루도그담당(223.39),벽은 월입니다,06.12 12:38:45
2863894,공기역학,멍뭉이신가요,06.12 12:39:32
2863894,루도그담당(223.39),그건 왈이라구요,06.12 12:40:23
2863894,공기역학,@루도그담당(223.39) 님 지금 멍뭉이차별 하시는건가요?,06.12 12:43:03
2863890,루도그담당(211.184),요즘 쩐좀 만지더만,06.12 11:44:50
2863890,헬마스터,막사 가나요,06.12 11:58:24
2863890,프갤러1(60.196),국비 학원 강사로 안정적인 수입 ㅇ ㅅㅇ,06.12 12:14:32
2863888,케갤러(211.234),취미로 할거면 크로스 플랫폼으로도 충분함 플러터 ㄱㄱ,06.12 11:23:39
2863888,프갤러1(211.235),플러터를 왜함 버려할거면 리액트 네이티브(JS/TS)하고 모바일만 팔거면 코틀린 스위프트 ㄱ,06.12 11:31:32
2863888,헬마스터,플러터가 가장 낳은 선택,06.12 11:32:57
2863888,익명의따당이,플러터 좋긴함,06.12 11:41:51
2863888,익명의따당이,취미면 무조건 크로스 플랫폼 ㅇㅇ,06.12 11:42:28
2863885,케갤러(211.234),칼을 들고 있다니 무서운걸,06.12 11:22:39
2863879,ㅇㅇ(211.235),또 측근 한명 자살함?,06.12 10:34:23
2863879,헬마스터,ㄴㄴ 쓰러짐,06.12 10:36:54
2863879,류도그담당(211.184),노무현,06.12 10:36:53
2863879,헬마스터,대통령,06.12 10:37:01
2863879,프갤러1(1.213),오늘 치킨각이누 ㅋ,06.12 10:49:01
2863879,프갤러2(121.129),드럼통 가즈아ㅏㅏㅏㅏㅏㅏㅏㅏㅏㅏㅏㅏㅏㅏㅏㅏㅏ,06.12 11:25:51
2863879,ㅇㅇ(118.235),쓰러짐 당한거임?,06.12 11:37:28
2863878,프갤러1(106.101),생산직 ㄱ  - dc App,06.12 10:29:34
2863876,프갤러1(106.101),채찍피티 ㄱ  - dc App,06.12 10:31:00
2863876,류도그담당(211.184),시발서,06.12 10:35:48
2863876,헬마스터,죄송합니다. 똥이 너무 급해서 화장실에 갔습니다.그만 힘을 너무 줘서 변기를 뚫고 서버실로 직통 터널을 만들어버렸습니다.똥과 브랜치가 동시에 터졌습니다. 다시는 배포와 배변을 동시에 하지 않겠습니다.,06.12 10:36:25
2863876,개멍청한유라,응가응ㅇ가응앵응가응애응가응앵응가응애응가  - dc App,06.12 10:38:34
2863876,아스카영원히사랑해,지각했나요?,06.12 10:49:15
2863876,개멍청한유라,지각으론 이런거 쓰지도않는 레후..  - dc App,06.12 11:04:09
2863874,류도그담당(211.184),러무현,06.12 10:12:53
2863873,류도그담당(211.184),봇 만들어서 띄워버려,06.12 10:07:29
2863871,헤르 미온느,별 이상한 이론을.. ㅇㅅㅇ,06.12 09:26:07
2863871,프갤러1(220.73),만들어진지 오래된 오픈채팅방 개당 5천원에 삽니다~~아무도없어도 상관없음~~~ Open59  ㅋㅌ ㄱㄱ!!,06.12 09:35:14
2863870,프갤러1(210.207),난 이직 준비하고 8개월 걸림,06.12 09:17:37
2863870,ㅇㅇ(211.235),? 어느정도회사를 들어갔길래,06.12 09:35:47
2863870,프갤러2(106.102),현금보상 6천이상 줄 수 잇는곳만 컨택해서 15번 정도 면접봄,06.12 10:01:42
2863870,ㅇㅇ(211.235),현금보상이 뭐냐?,06.12 10:03:22
2863870,ㅇㅇ(211.235),6천이면 ㅈㄴ 높네.. 난 3600받는다,06.12 10:03:40
2863870,프갤러2(106.102),내가 3380 + 명절 상여금 60이 다였으니까 나보다 높은 상황이였을듯ㅎㅎ.. 5200 + 복포 500 + 비포괄 + 식대 + 연 상여금(연봉10퍼대) + a 정도로 이직함,06.12 10:07:04
2863870,ㅇㅇ(211.235),근데 어케 갑자기 6천이되냐,06.12 10:28:46
2863870,ㅇㅇ(211.235),몇년차인데?,06.12 10:28:57
2863870,프갤러2(106.102),@ㅇㅇ(211.235) 만 1년됌,06.12 12:32:57
2863870,ㅇㅇ(211.235),그정도면 걍 신입인데? 대박이네,06.12 12:40:15
2863869,류도그담당(211.184),ㅊㅋ,06.12 09:18:29
2863869,프갤러2(106.102),감삼다,06.12 10:00:39
2863869,프갤러1(61.85),테크스택 머임,06.12 09:43:19
2863869,프갤러2(106.102),next.js,06.12 10:00:34
2863869,프갤러2(106.102),@프갤러2(106.102) 그 외엔 프론트가 다 하는 스택들 ㅎㅎ 상태관리들,06.12 10:01:14
2863869,프갤러3(121.129),ㅊㅋㅊㅋ,06.12 11:26:07
2863868,프갤러1(223.38),그걸 누가몰라 이 정신장애인새끼야 ㅋㅋ,06.12 09:06:48
2863868,프갤러2(210.207),ㅋㅋㅋ넌 시리아 같은곳에서 태어났어야 했는데,06.12 09:12:17
2863868,류류(125.141),이새끼 소말리아에서 태어났어야함 ㅇㅅㅇ,06.12 09:47:01
2863866,프갤러1(211.235),한솔근 ㅎㅇ,06.12 09:23:33
2863866,헤르 미온느,-_-????? ㅇㅅㅇ,06.12 09:25:47
2863866,류도그담당(211.184),잠론다,06.12 09:47:02
2863861,헬마스터,줄서면서 얘기하는 문화을 즐긴다고해요,06.12 08:49:07
2863859,ㅇㅇ(118.235),훠쭵,06.12 07:46:41
2863859,케갤러(211.234),왜 허접인가요?,06.12 08:55:33
2863854,프갤러1(211.235),4500,06.12 07:14:44
2863854,프갤러2(106.101),4000,06.12 08:23:30
2863853,ㅇㅇ(114.205),24시간 해야얻는 재화를 3일간 얻으면 안잡히겠나,06.12 06:19:05
2863853,글쓴 프갤러(121.168),그냥 일반 유저 플레이만큼만 하면 되는거아님?,06.12 06:26:55
2863853,프갤러2(39.117),독립시행인데뭔말이냐,06.12 07:04:28
2863853,류도그담당(223.39),패턴 감지,06.12 08:52:02
2863850,프갤러1(118.235),윤석열 사진이라도 줘라  - dc App,06.12 04:01:19
2863846,ㅇㅇ(118.235),사대남 혐오네 이거,06.12 07:46:23
2863842,ㅆㅇㅆ(124.216),c+,06.12 00:44:59
2863842,프갤러1(112.175),만들어진지 오래된 옵챗방 개당 5천원에 다삽니당 !!ㅅㅅㅅ~~아무도없어도 상관없음~~~ Open59  카톡 ㄱㄱ!!,06.12 01:23:25
2863840,ㅇㅇ,그런거 몰라도 crud sql함,06.12 00:28:50
2863840,글쓴 프갤러(210.101),구현은 당연히 하겠지 근데 진짜 저런것도 안가르친다고?,06.12 00:39:10
2863840,글쓴 프갤러(210.101),국비 수료 직후에 정처기 실기봤는데 20점 받았다고해서 개발자 국비에서 조에서 에이스였는데(자기말로는) 그런데 20점이면 코드문제 거의 손 못댔다는건데,06.12 00:39:49
2863840,ㅇㅇ,개발자 국비에서 그딴걸 왜가르침,06.12 02:13:48
2863840,ㅇㅇ(211.235),의미가없어요,06.12 09:16:01
2863839,ㅇㅇ,?? 남이 쓴 코드 읽는게 제일 어려운거 아니었음?,06.12 11:23:29
2863835,넥도리아(175.196),난 연봉 0인데 부럽다,06.11 23:26:27
2863835,ㅆㅇㅆ(124.216),ㅈ나높지 연봉 4천이면,06.11 23:28:38
2863835,글쓴 프갤러(14.39),그런거겠지? 연봉동결이라는 말에 괜히 이런생각하게되네 고마워!,06.11 23:33:16
2863835,ㅇㅇ(106.72),정리해고 안하는걸 다행으로 여겨라,06.11 23:35:06
2863835,글쓴 프갤러(14.39),규모있는 곳인데 최근에 정리해고 이슈가 있어서 30명정도 나갔거든.. 그 사이에서 살아남았다ㅠ,06.11 23:36:29
2863835,ㅇㅇ,능력있네,06.11 23:56:28
2863835,프갤러1(121.129),재택이 1주일에 2번인데 4천을 받는다고????  어디냐 존나 개꿀이네,06.12 11:26:44
2863834,류도그담당(223.39),JDW?JDK ? 흠,06.11 23:26:16
2863834,ㅆㅇㅆ(124.216),헉,06.11 23:28:21
2863830,류도그담당(114.202),제보하겠습니다,06.11 23:11:27
2863830,ㅆㅇㅆ(124.216),봐주세요,06.11 23:12:42
2863830,ㅇㅇ(118.235),캬 1억 벌 기회를 이렇게 놓치네,06.12 00:08:04
2863830,ㅆㅇㅆ(124.216),포티햄들이 정이있다,06.12 00:41:01
2863826,개멍청한유라,동생 신상정보 및 쓰리사이즈 정보공개 청구합니다.  - dc App,06.11 22:33:03
2863826,아스카영원히사랑해,하기야 대선주자 시장님도 한방에 가는 게 인생인데 어케든 흘러가겠지,06.11 22:40:06
2863826,ㅆㅇㅆ(124.216),ㅠㅠ,06.11 22:52:05
2863826,아스카영원히사랑해,사실 너도 어지간하면 취직하길 바람,06.11 22:52:27
2863826,프갤러1(39.117),나한테 취직시켜줘,06.12 07:05:18
2863825,개멍청한유라,인간은 가깝고 기계는 멀다  - dc App,06.11 22:33:34
2863825,ㅆㅇㅆ(124.216),기계가 되고싶다,06.11 22:51:58
2863825,발명도둑잡기,"저랑 창업하시면 부자 될지도 모르는데 // ""도둑은 집을 떠나며 주인을 욕한다"" - 러시아 속담",06.11 22:55:21
2863823,헬마스터,아니 돈이 아니라 바로 '필요한존재' '의미있는일'을 해냈다는 자존감이 더 큰것 같군. 그것이 바로 개발귀 정신이다.,06.11 22:26:03
2863823,ㅇㅇ(211.235),닌코 ㄷㄷ,06.11 22:30:01
2863823,ㅆㅇㅆ(124.216),그게 뛰어난거지,06.11 22:30:13
2863822,개멍청한유라,as?!  - dc App,06.11 22:33:44
2863821,ㅇㅇ(211.235),놉,06.11 21:57:44
2863821,cvs.,ㅇㅇ,06.11 22:08:53
2863821,프갤러1(121.147),페이가 제일 쎈 SI 아무나 가는줄 아냐?,06.11 22:34:53
2863820,타이밍뒷통수한뱡(1.213),명박 가카 ㅇㅂ,06.11 22:12:37
2863819,류도그담당(114.202),굳이 있어야 해?,06.11 22:01:51
2863819,프갤러1(223.33),개똥벌레 부르고 다녀  - dc App,06.12 07:52:11
2863817,발명도둑잡기,"방구맨 냥덩이 // ""도둑은 집을 떠나며 주인을 욕한다"" - 러시아 속담",06.11 22:47:57
2863815,프갤러1(222.112),만들어진지 오래된 오픈채팅방 개당 5천원에  삽니다~~아무도없어도 상관없음~~~ Open59 톡 ㄱㄱ!!,06.11 21:33:45
2863815,ㅇㅇ,힙오버플로우,06.11 21:35:01
2863815,류도그담당(114.202),갑자기 왜 힙오버무현이?,06.11 21:38:47
2863815,ㅇㅇ,무슨 보호?,06.11 22:52:29
2863814,jonny,그래도 되는 상황  - dc App,06.11 21:22:44
2863814,ㅇㅇ(61.255),당장은 되는데 이후엔 어칼건데,06.11 21:23:32
2863814,jonny,@ㅇㅇ(61.255) 이후엔 미래의 내가 처리하겠지  - dc App,06.11 21:24:53
2863814,ㅇㅇ(61.255),미래의 내가 평생 할 순 없자나,06.11 21:26:20
2863814,jonny,처음부터 완벽하려고 하는게 허상이라고 생각함 될수있는 상황이면 좋겠는데 보통 안그런듯  - dc App,06.11 21:27:06
2863814,루비,일어보슈 https://nimfsoft.art/blog/2025/03/24/what-is-a-prototype/,06.11 21:35:11
2863814,ㅇㅇ(121.162),오늘 필요한 기능이지만 내일은 사라질 기능일수도 있으니까,06.11 21:43:21
2863814,헬마스터,생각하기 귀찮아서 그런듯,06.11 21:59:35
2863814,부드러운곰탱이,일정을 좆같이 잡음,06.11 22:29:08
2863814,ㅇㅇ,si는 걍 싸고 튀면 끝임,06.12 02:34:38
2863805,개멍청한유라,냥덩아 슬기는?  - dc App,06.11 20:47:43
2863804,류도그담당(114.202),복종의 자세,06.11 20:45:43
2863804,개멍청한유라,절대복종  - dc App,06.11 20:47:55
2863804,헬마스터,똥쌀때 허리를 앞으로 좀 숙이는 자세를 취해요.,06.11 20:51:56
2863803,개멍청한유라,그럼 밥은 어떻게먹어? ㅠ   - dc App,06.11 20:33:48
2863803,ㅇㅇ(49.165),일반인은 숟가락 니혼진은 젓가락 인도인은 손가락 팔없으면 발가락,06.11 20:46:22
2863803,개멍청한유라,허버허버  - dc App,06.11 20:47:35
2863802,개멍청한유라,귀여워요  - dc App,06.11 20:34:14
2863802,헬마스터,개새끼임?,06.11 20:52:25
2863801,ㅇㅇ(106.241),실패해서 아쉽겠농,06.11 20:27:28
2863801,류도그담당(114.202),해킹 당할까봐 싫어,06.11 20:41:52
2863801,배구공(119.202),바다의 왕 해킹!,06.11 20:42:07
2863801,배구공(119.202),태양의 왕 해킹!,06.11 20:42:31
2863801,배구공(119.202),다시다에는 핵산이 들어있다!,06.11 20:44:06
2863801,배구공(119.202),"easy, lol",06.11 20:45:10
2863800,아스카영원히사랑해,굽삐 지원금 ㅇㄷ?,06.11 20:35:31
2863800,개멍청한유라,굽삐삐!  - dc App,06.11 20:36:08
2863799,개멍청한유라,헬마씨 이태원지원금 신청하셨나요?  - dc App,06.11 20:09:43
2863799,헬마스터,죽은 사람만 신청하는것 아닙니까?,06.11 20:26:59
2863798,개멍청한유라,그런버튼이있나요?  - dc App,06.11 20:09:23
2863798,넥도리아(175.196),나도 그게 무슨 모드인지 모름,06.11 20:18:45
2863796,헬마스터,치타씨 언제 출발해요?안제까지 웃기만?,06.11 21:03:32
2863796,개멍청한유라,살려주세요  - dc App,06.11 21:21:43
2863795,개멍청한유라,와  - dc App,06.11 19:53:56
2863795,프갤러1(211.235),스업이라 안감. 많이 주는 이유가 있음,06.11 21:26:06
2863793,류도그담당(114.202),궁보지딩,06.11 19:27:56
2863793,ㅆㅇㅆ(124.216),이이 영포티,06.11 19:29:00
2863793,헬마스터,보티,06.11 19:30:06
2863793,cvs.,나이먹고 쏠로면 어디까지 추해질 수 있는 건지........,06.11 19:50:17
2863792,개멍청한유라,슬기..시작?  - dc App,06.11 19:54:11
2863792,♥냥덩이♥,ㅇㅅㅇ,06.11 20:33:36
2863792,개멍청한유라,슬덩  - dc App,06.11 20:33:59
2863790,프갤러1(104.28),정보올림피아드 입상자를 잡아넣은 건 국가적 손해다,06.11 21:05:16
2863788,헬마스터,초기 컨셉은 좋앗는데과도한 설정과 쓸데없는 유사최적화로 나락감,06.11 19:01:38
2863785,ㅇㅇ(183.101),숫자 지워,06.11 18:56:12
2863784,류류(118.235),"병,정 하청업체 직원이 사람이냐? 짐승새끼지 ㅇㅅㅇ",06.11 18:45:49
2863784,ㅆㅇㅆ찡,너가 죽였어,06.11 18:47:51
2863784,개멍청한유라,운명이다  - dc App,06.11 18:58:14
2863784,헬마스터,챗티씨에 의해 모두 대체되시다.,06.11 18:56:19
2863784,개멍청한유라,그럼 대한민국은 누가 일하나요?!  - dc App,06.11 18:58:24
2863784,헬마스터,100만챗티씨가 전산망을 개발하고 돌리시다.특히 출근해서 하루에 3번 똥만싸는개멍청한멍유씨는 더욱 긴장해야할것.,06.11 19:00:44
2863784,개멍청한유라,나태하고 게으른 인간은 어떡해야하는가!!!!  - dc App,06.11 19:04:04
2863784,류도그담당(114.202),노무현짤 대령해주시죠,06.11 19:04:50
2863782,ㅆㅇㅆ(124.216),이준석씨 여성부 장관되시면 우리나라 여성들의 위상이 걱정되는군요,06.11 18:40:03
2863782,아스카영원히사랑해,이대남들의 소리없는 아우성,06.11 18:40:56
2863780,ㅆㅇㅆ(124.216),애드블럭,06.11 18:22:51
2863779,사오찌찌협회,백업은 있는거 같은데yes24같은 업체는 ebook 데이타만 해도PiB 단위일거 같은디백업 받아놓은거 restore 돌려도 며칠걸림  - dc App,06.12 08:26:01
2863779,사오찌찌협회,내부 DRP/BCP에 RTO(목표복구시간)를 며칠로 정해뒀는지는 모르겠는디꽤 메이저 IT 머기업도 45일인데닷새도 안돼서 복구하는거면 ㅈㄴ 잘하는게 아닐가  - dc App,06.12 08:28:49
2863776,류도그담당(211.184),나랑 비슷하게 썻노 ㅋㅋㅋ,06.11 17:52:32
2863776,ㅆㅇㅆ(124.216),ㄹㅇㅋㅋㅋ,06.11 17:54:35
2863776,공갤러(125.178),고맙다 솔직히 교수가 이렇게 설명해주면 그냥 명강의라고 강의평가에 쓸것같은데 이렇게 안해주네 근데 static이 클래스 내부에서만 공유하는건가 변수를? extend는 그니까 거기 부모 클래스에 추가로 집어 넣는거임?,06.11 17:56:14
2863776,공갤러(125.178),그리고 오버로딩 오버 뭐시기?그건 똑같은 메소드에 조작질하는건가? 아...뭐였지,06.11 17:57:14
2863776,ㅆㅇㅆ(124.216),맞음 스태틱 변수는 일반적으로 클래스 수준에서만됨,06.11 17:57:31
2863776,ㅆㅇㅆ(124.216),"extend는 부모 클래스를 물려받은거지 부모를 수정 안함. 니가 우동 명인이라는 직업을 물려받았고, 카레우동 명인이 됐다해서, 아버지가 우동 명인이 아닌건 아니잖아",06.11 17:58:38
2863776,ㅆㅇㅆ(124.216),@공갤러(125.178) 오버로딩: 이름은 같지만 매개변수가 다른 메서드 만드는거 (카레우동에 어떤 토핑을 넣을지)오버라이딩: 부모 클래스 메서드를 자식 클래스에서 재정의(부모님 가게 물려받아서 내 식대로 인테리어 하기),06.11 17:59:47
2863776,ㅆㅇㅆ(124.216),아 지금 돌이켜보니 슈퍼 좀 잘못설명했노 슈퍼는 행위중심이라 약간다르긴함,06.11 18:17:01
2863776,공갤러(125.178),super는 클래스 안에서 뭘쓴다는거임?,06.11 18:31:08
2863776,ㅆㅇㅆ(124.216),@공갤러(125.178) 부모의 행동을 빌려오는거임. 즉 자식이 부모하는 짓 배우면 그게 super임,06.11 18:32:14
2863776,ㅆㅇㅆ(124.216),@공갤러(125.178) 사용 빌려온다라고 해야하지만 그냥 지금은 그정도 수준으로 간단하게 이해하고 넘어가면됨,06.11 18:33:12
2863775,ㅆㅇㅆ(124.216),ㅉㅉ 더 쉽게 설명해야지,06.11 17:52:29
2863774,류도그담당(211.184),오 너무 어려워요,06.11 17:46:36
2863773,류도그담당(211.184),아 그거 버그가 아니고 스끼린데 ㅋ,06.11 17:43:55
2863773,ㅆㅇㅆ(124.216),ㄹㅇㅋㅋㅋ,06.11 17:48:23
2863772,ㅆㅇㅆ(124.216),저 설명 할 줄 앎 뭐가 모르는데,06.11 17:41:19
2863772,공갤러(211.235),static이랑 this그리고 super 는 어케 활용하고 상속 extend는 어케 하는거임 그 new함수 호출하면 거기 안에다 넣어주는거임?,06.11 17:42:24
2863772,류도그담당(211.184),니가 클래스로 동물을 하나 만들고거기에 먹고 자고 싸고를 정의함근데 니가 코끼리에도 같은 기능을 정의하고싶은데클래스를 하나 더 만들고 거기에 분리해서 적으면 비효율적이잖아?그래서 동물을 코끼리에 상속시키면 코끼리가 동물의 분류군에 속하면서 동물이 공통적으로 할수있는 행동을 물려받음,06.11 17:42:09
2863772,ㅇㅇ,static 객체가 아닌 클래스에 직접 넣겠다this 객체super 부모extend 상속,06.11 18:31:00
2863768,류도그담당(211.184),"cmp baseadd.exe + 0F828, eaxjne bozi  + 4885",06.11 17:37:54
2863768,ㅆㅇㅆ(124.216),보지 최고,06.11 17:38:18
2863766,류도그담당(211.184),"mox eax, 0xSIBARSEXmovd xmm2, eaxmovss [esp+04], xmm2",06.11 17:35:09
2863766,ㅆㅇㅆ(124.216),씨발아,06.11 17:35:19
2863764,프갤러1(118.235),ㅋㅋㅋㅋ지럴하네학부때나 디렉터리로 고민하지앰창인새끼들 존나많구만  - dc App,06.11 18:16:33
2863764,ㅆㅇㅆ(124.216),"뭔소리여, 학부생이 src 박으면 지피티 코드라고 의심한다고",06.11 18:17:25
2863764,ㅆㅇㅆ(124.216),에휴 이 비유를 못알아먹는거보니 src를 모르는거구만,06.11 18:17:38
2863763,류도그담당(211.184),나도 소싯적 홍어 처리에게 많이 신세를 졌었지,06.11 17:24:29
2863763,ㅆㅇㅆ(124.216),ㄹㅇ,06.11 17:24:45
2863762,ㅆㅇㅆ(124.216),ㄹㅇㅋㅋ,06.11 17:23:27
2863762,슈퍼막코더(126.133),그래도 걔들이 점수 잘받으니깐 이기,06.11 17:34:29
2863760,류도그담당(211.184),걍 결과 얼추비슷하면 갖다내서교수가 관심법으로 너 이 새끼 설명해봐 이러면 어차피 다 들킴,06.11 17:18:30
2863760,ㅆㅇㅆ(124.216),ㄹㅇㅋㅋ,06.11 17:19:20
2863760,ㅇㅇ(122.36),나도 그거 좀 별로임. 코드리뷰시켜보면 if문 한번 붙이면 되는 쉬운 문제를 굳이 디자인패턴으로 어렵게 풀어야 한다고 강요하는 상황도 꽤 자주 겪어봄,06.11 17:19:56
2863760,ㅆㅇㅆ(124.216),ㄹㅇㅋㅋ,06.11 17:25:14
2863759,아스카영원히사랑해,죽여버립니다,06.11 17:19:55
2863759,개멍청한유라,나 미쳤나봐요 맛있는 음식을 찾아 식도락여행은 어떤가요  - dc App,06.11 17:20:29
2863759,아스카영원히사랑해,@개멍청한유라 둘이서 일녀 사냥하겠습니다,06.11 17:57:50
2863759,개멍청한유라,@아스카영원히사랑해 크크큭 조센좆맛좀봐라 이 개씨발년들 헉헉 응응웅웅 뽀꾸뽀꾸 헤헤  - dc App,06.11 17:58:23
2863759,아스카영원히사랑해,@개멍청한유라 아스카 fc2 데뷔,06.11 18:00:20
2863758,류도그담당(211.184),에어컨디셔너,06.11 17:14:45
2863757,류도그담당(211.184),벌써 얘네 수준에 이걸 추상화해서 쓴다고?까보면 그럼 그렇지,06.11 17:14:11
2863757,ㅆㅇㅆ(124.216),ㄹㅇ,06.11 17:15:12
2863755,류도그담당(211.184),손구현 or 설명 해보라하면 어차피 뽀록남,06.11 17:12:23
2863755,ㅆㅇㅆ(124.216),지피티 코드는 티가 나,06.11 17:12:27
2863755,프갤러1(106.101),근데 증거 없인 관심법이자나  - dc App,06.11 17:13:15
2863755,ㅆㅇㅆ(124.216),@프갤러1(106.101) 그렇긴하지,06.11 17:14:06
2863754,ㅆㅇㅆ찡,저 멀티쓰레딩 모릅니다,06.11 17:06:52
2863754,류도그담당(211.184),겸손을 가장한 기만,06.11 17:08:01
2863751,ㅆㅇㅆ찡,우리 프로그래밍 관두죠,06.11 17:03:43
2863751,개멍청한유라,나어떡해  - dc App,06.11 17:06:39
2863751,ㅆㅇㅆ찡,@개멍청한유라 시집와 어이,06.11 17:07:10
2863751,류도그담당(211.184),노무현짤 대령해주세요,06.11 17:11:40
2863749,류류(118.235),ㅉㅉ솔루션 서비스업체에 취직했어야지 ㅇㅅㅇ,06.11 18:43:43
2863749,개멍청한유라,굽삐삐 살려줘  - dc App,06.11 18:43:57
2863749,류류(118.235),나님 솔루션 서비스업체 본사 근무라 갓생 사는중 ㅇㅅㅇ,06.11 18:45:12
2863747,ㅆㅇㅆ(124.216),이런거 동물농장으로 만들 생각 귀엽네,06.11 16:54:53
2863746,ㅆㅇㅆ(124.216),블아카가 더 맵지 않나,06.11 16:34:24
2863746,아스카영원히사랑해,젠존제가 10배는 더 매움,06.11 16:48:59
2863746,개멍청한유라,쓰리노 게임이 더하지않나요? 물론 아냐 노래방  - dc App,06.11 17:01:08
2863746,아스카영원히사랑해,쓰리노 게임은 뭔가요,06.11 17:09:32
2863746,개멍청한유라,넷마블 엔씨 넥센  - dc App,06.11 17:13:11
2863742,나트륨찡,나트륨(찔림) ㅇ ㅅㅇ,06.11 15:41:59
2863742,글쓴 프갤러(49.165),ㅇㅅㅇ!?? ㅇㅅㅇ;;;,06.11 15:43:16
2863742,글쓴 프갤러(49.165),저도 원신 좋아합니다. 니어오토마타 좋아합니다. 스텔라브레이드 좋아합니다. ㅇㅅㅇ,06.11 15:45:04
2863742,나트륨찡,저도 스텔라블레이드(구매완료) ㅇㅅㅇㅋ,06.11 15:53:57
2863742,아스카영원히사랑해,잼씀,06.11 16:26:11
2863742,글쓴 프갤러(49.165),스블pc버전이나 하자 ㅇㅅㅇ,06.11 16:31:26
2863739,ㅆㅇㅆ찡,물리도 그래,06.11 15:03:31
2863738,프갤러1(210.98),백단 공부는 하긴 해야지 nodejs 싫으면 파이썬 자바 같은거로 공부해,06.11 14:52:39
2863737,넥도리아(223.38),뭐라느겨?,06.11 14:57:03
2863737,넥도리아(223.38),개소리좀 작작,06.11 14:57:24
2863737,넥도리아(223.38),무얼 신고해,06.11 14:57:50
2863737,프갤러1(49.165),이걸 지금 질문이라고 한건지 웃기라고 가져온건지 능지가 문재인건지 ㅇㅅㅇ,06.11 15:32:59
2863737,개멍청한유라,귀여운상상이다~  - dc App,06.11 17:01:53
2863735,프갤러1(211.235),세션에 과자가 필요함?? jwt에서나 과자쓰는거 아닌가,06.11 16:08:51
2863735,프갤러2(218.154),헤더에 토큰처럼 박아도 안되는건 아닌데 가능하면 보안 설정된 쿠키로 구현하래  - dc App,06.11 17:42:41
2863733,ㅆㅇㅆ찡,지피티가 쿠키 잘쓰죠,06.11 14:29:57
2863733,글쓴 프갤러(218.154),지피티가 그나마 좀 알려줘서 어케 비볐는데 문서보면서 했으면 일주일 금방 잡아먹었을듯  - dc App,06.11 14:32:08
2863733,프갤러1(49.165),쿠키도 모르는 주제에 러스트를 어케 쓰노? ㅇㅅㅇ,06.11 15:33:27
2863733,프갤러2(218.154),커널 개발자하면 몰라도 된다.  - dc App,06.11 17:41:31
2863731,ㅆㅇㅆ찡,보지,06.11 14:16:18
2863731,프갤러1(60.196),덕분에 큰 깨달음을 얻었읍니다 ㅇ ㅅㅇ;,06.11 14:53:47
2863730,류도그담당(223.39),포터남,06.11 15:02:33
2863721,익명의따당이,동기화 해서 씀 ㅇㅅㅇ,06.11 12:59:49
2863719,익명의따당이,ㅇ? 2시간일리가 업는데무슨 작업 했음?,06.11 13:00:07
2863719,프갤러1(49.165),쏘넷으로 해도 과분한 작업에 주제도 모르고 오푸스 씩이나 써대니까 그렇게 된거 아님? 꼬우면 200달러 짜리나 api로 갔어야지 ㅇㅅㅇ,06.11 15:35:57
2863716,ㅆㅇㅆ찡,굳,06.11 14:16:33
2863716,ssonacy,개발은 뭐로하셨음?? - dc App,06.11 14:35:09
2863716,아기개발자,flutter로 했어요 db는 없고 shared preference로 데이터 저장해요 - dc App,06.11 14:43:11
2863715,아스카영원히사랑해,나는 돈주고 가는 파리의 시간을 사는 중이라 전해!?,06.11 12:46:01
2863715,개멍청한유라,아 어떡해 진짜 ㅠ 요일개념도 한남들이 만든거라며? 환멸나 진짜..  - dc App,06.11 13:09:36
2863714,루비,두 나르시시스트의 빛과 파멸의 그림자. 오호 제목 좋다 ㅎㅎ,06.11 12:20:33
2863711,프갤러1(118.235),대 ai시대에 백엔드가 의미가 있을 것 같냐.돈 잘주는데 붙어있는게 최고다,06.12 21:16:18
2863710,개멍청한유라,돈까스  - dc App,06.11 11:59:37
2863710,공기역학,ㅇㅅㅇ좋네요,06.11 11:59:47
2863710,개멍청한유라,안먹을거지!!!!  - dc App,06.11 12:00:12
2863710,공기역학,@개멍청한유라 아뇨 돈까스 안먹은지 오래돼서 진지하게 고려대상입니다,06.11 12:00:52
2863710,개멍청한유라,좋아좋아  - dc App,06.11 12:01:14
2863710,넥도리아(175.196),돈까스,06.11 12:00:18
2863710,공기역학,ㅇㅅㅇ,06.11 12:00:56
2863710,리오라(Liora),제육볶음,06.11 12:10:11
2863710,공기역학,"요즘 매일먹어서 다음기회에,,,,",06.11 12:10:27
2863709,개멍청한유라,굽삐인 나는 어떡해?  - dc App,06.11 11:59:57
2863709,ㅆㅇㅆ(124.216),몰라,06.11 12:10:23
2863709,ㅆㅇㅆ(124.216),나는 비전공에 굽삐삐도 아니잖아,06.11 12:10:32
2863709,프갤러1(211.104),HDL도 AI 사용함. 실제로 엔비디아가 사용중임  - dc App,06.11 12:25:38
2863709,ㅆㅇㅆ(124.216),ㄹㅇ??,06.11 12:49:29
2863709,ㅆㅇㅆ찡,찾아보니 그건 특화모델이라 다른듯. 즉 일반적인 챗봇말야,06.11 14:13:26
2863709,프갤러2(1.221),@ㅆㅇㅆ찡 당연한거 아니냐 ㅋㅋㅋㅋㅋ 일반적인 용도로 사용하는거에 그런거 기대하는건 무리데스  - dc App,06.11 20:39:21
2863709,ㅇㅇ(106.72),프롬프트를 얼마나 좆같이넣으면,06.11 12:39:31
2863709,ㅆㅇㅆ(124.216),너보단 잘넣을듯ㅋㅋ,06.11 12:49:35
2863707,류도그담당(211.184),적폐언어다 이기,06.11 11:31:18
2863707,슈퍼막코더(126.133),그럴리가 이기,06.11 11:34:19
2863707,ㅆㅇㅆ(124.216),ㅠㅠ,06.11 11:32:27
2863707,슈퍼막코더(126.133),내가 제일 슬프다 이기,06.11 11:34:29
2863706,개멍청한유라,냥덩 슬기만들기 시작?  - dc App,06.11 12:00:48
2863705,슈퍼막코더(126.133),비싼데 가노 이기,06.11 11:17:30
2863705,ㅆㅇㅆ(124.216),왜 부자임,06.11 11:17:35
2863705,아스카영원히사랑해,써도 써도 돈이 안 줄어,06.11 11:58:16
2863705,프갤러1(121.129),야스 야스!!,06.11 11:17:55
2863704,류도그담당(211.184),까먹음 = 스택이 한도 끝도없이 pop = 스택 언더플로우,06.11 11:04:16
2863704,ㅆㅇㅆ(124.216),보지 섹스 자지,06.11 11:05:39
2863704,슈퍼막코더(126.133),푸하하하핫,06.11 11:18:07
2863704,ㅆㅇㅆ(124.216),흑흑,06.11 11:18:22
2863703,류도그담당(211.184),이거보고 나도 베릴로그 외주 받는다,06.11 10:58:00
2863703,ㅆㅇㅆ(124.216),나도 먹고 살자,06.11 10:59:45
2863703,슈퍼막코더(126.133),잘하고 있노 이기,06.11 11:18:34
2863703,ㅆㅇㅆ(124.216),먹고 살아야죠,06.11 11:19:28
2863703,ㅇㅇ,헉,06.11 15:06:10
2863702,류도그담당(211.184),게임 장점 : 잘되면 쓸어담음단점 : 그외 전부,06.11 10:57:08
2863702,ㅆㅇㅆ(124.216),ㄹㅇㅋㅋ,06.11 10:59:52
2863700,깃깃,돈얼마줌?,06.11 10:27:53
2863700,ㅆㅇㅆ(124.216),아두이노는 12만 받고 하기로함,06.11 10:28:25
2863697,프갤러1(211.235),결국 대용량 데이터를 바탕으로 한 약인공지능 모델일 뿐,06.11 10:09:07
2863697,ㅇㅇ(183.101),ㅇㅇ agi 는 10년정도라고 생각하더라  오픈 ai 알트만하고 엔트로픽 ceo 하고,06.11 10:09:59
2863696,프갤러1(211.235),그 인공컴터 만드는것도 발전시키는것도 생체컴퓨터라 문제없다,06.11 10:03:46
2863696,프갤러1(211.235),강인공지능이 안되는 이상 인공컴퓨터의 한계는 명확함,06.11 10:04:14
2863696,ㅇㅇ(183.101),강인공지능을 목표로 세계모델 구축중이라고 뜸 ai 기업들은 이제 세계모델 구축 경쟁에 들어갔다,06.11 10:06:45
2863696,프갤러1(211.235),@ㅇㅇ(183.101) 강인공지능에 관한 시도는 50년도 전부터 있었지만 못했다.인류에게 200년은 이름,06.11 10:08:12
2863696,류도그담당(211.184),대체 언제 ai로 커버되냐 지겹다,06.11 10:19:48
2863692,넥도리아(175.196),한솔근 어디 갔음? 서버 복구 들어간거 아님?,06.11 09:39:03
2863692,글쓴 프갤러(211.235),국정원 지하에 잡혀있음,06.11 09:39:33
2863692,ㅇㅇ(183.101),회사 출근했다함,06.11 10:07:46
2863692,ㅇㅇ,취업했데,06.11 09:57:10
2863692,헤르 미온느,유 현아가 누구임? 아이돌임? ㅇㅅㅇ,06.11 10:50:24
2863690,프갤러1(211.235),ㄹㅇㅋㅋ,06.11 09:17:34
2863689,깃깃,노무현,06.11 09:05:06
2863689,프갤러1(211.235),C D,06.11 09:18:39
2863689,ㅇㅇ(223.38),b는여,06.11 09:18:59
2863689,ㅇㅇ,E,06.11 09:58:46
2863684,넥도리아(175.196),사기 당하지 말고 님 인생 사삼,06.11 07:13:36
2863684,넥도리아(175.196),님 남자 아니심? 사기칠려 데이팅 앱 하심? 남자가 90%이고 여자는 없던데,06.11 07:43:18
2863684,프갤러2(211.235),나,06.11 07:59:54
2863681,ㅇㅇ(183.101),인간지능 잘도네,06.11 09:56:58
2863678,프갤러1(122.128),대학 공부 ㅈ도 안하셨는데 가서 열심히 하시겠어요?,06.11 04:09:21
2863674,익명의따당이,ㄷㄷ,06.11 03:51:55
2863674,ㅇㅇ,같이 개판치면 그만임,06.11 04:04:51
2863674,프갤러1(121.129),jQuery 가 위대한 이유가 있음,06.11 11:29:43
2863674,프갤러2(220.95),그냥 si 가 병신 새끼들 많아서 그래. react 가 구조 잡아서 컴포넌트 만들고 체계적으로 빌드업하는 특징이랑 상태관리를 전혀 모르니까 지랄나는거야,06.11 21:08:49
2863674,프갤러2(220.95),그리고 프론트에서 스크립트 사용하는 것도 jQuery 같은 그지 레거시나 깔짝이겠지 뭐,06.11 21:09:54
2863673,슈퍼막코더(126.133),여윽시 쌉능력자,06.11 11:24:02
2863670,프갤러1(118.235),30퍼에사라  - dc App,06.11 04:55:05
2863669,프갤러1(182.229),솔직히 태연 졸라이쁨 이십대보다 매력잇음,06.11 03:15:37
2863665,ㅇㅇ(61.255),책보고 해야함?,06.11 00:25:16
2863665,글쓴 프갤러(118.217),아뇨 그건 아니고 이쪽에 아예 무지해서 공부를 해야하는데 딱히 가이드를 어떤걸 봐야할지 모르겠고 구글링으론 제각각 너무 다르고 왜 이걸 선택했는지도 잘 나와있지않아서 책을 일단 한번 봤습니다.,06.11 00:30:42
2863665,글쓴 프갤러(118.217),책이 살짝 오래된감이 있어서 방향성을 다르게 잡고 가야할것같은데 어떤걸 선택해야할지 고민입니다..,06.11 00:31:24
2863665,ㅇㅇ(61.255),cicd 비교적 최신 강의 사서 본는거 추천함,06.11 01:32:59
2863665,부드러운곰탱이,github actions가 간단한듯,06.11 22:34:30
2863664,익명의따당이,진자힘들어ㅜㅜ,06.11 00:19:47
2863664,프갤러1(211.235),유현이보고싳다,06.11 08:22:44
2863661,ㅇㅇ(61.255),ai도 개소리할때많아,06.11 00:10:03
2863661,프갤러1(121.183),본인이 다 알고 물어보면 문제없잖음,06.11 10:35:40
2863659,프갤러1(59.26),다음부턴 필라이트까지만 봐준다,06.10 23:53:10
2863657,ㅇㅇ,암튼 구현했죠,06.10 23:58:43
2863657,프갤러1(121.183),심지어 빠르죠,06.11 10:33:24
2863657,프갤러2(39.117),자아도취,06.12 07:07:06
2863653,발명도둑잡기,고생하셨습니다,06.11 01:36:24
2863651,ㅇㅇ,워랜버핏 주식이 더잘범,06.10 23:59:22
2863651,프갤러1(121.183),찐고수: 버크셔 해서웨이 대주주임,06.11 10:34:22
2863645,응게이(1.249),괴물이네. 5천라인이면 쓸만한 유틸리티 수준인데 1만자라... 설마.중복이 한가득인건 아니겠지?,06.10 22:05:42
2863645,피치(183.101),aI 써서 1만자야? 순수 손으로 1만타 ?ㄷㄷㄷ,06.11 00:19:25
2863639,류도그담당(114.202),지피티 존나느려짐,06.10 22:27:25
2863638,known,진짜 아니 타입 지정안하고 크기 지정도 안하고 메모리 관리도 안했는데 속도가 Rust급으로 나옴!그리고 C라이브러리? 그냥 한줄이면 FFI쌉가능,06.10 21:39:04
2863638,ㅇㅇ,c는 기계어급인데,06.10 21:42:54
2863635,류도그담당(114.202),지금잔다고?,06.10 21:24:45
2863634,ㅇㅇㅇ(125.130),와 대학생때 알바해도 시급 2.5였는데 밤새서 7만이면 개창렬이네,06.10 21:20:16
2863634,ㅆㅇㅆ(124.216),애새끼들 과제가 없으니까 리뷰 목적으로 하는거,06.10 21:20:40
2863633,스타크래프트,무슨일이뇽 - dc App,06.11 09:50:00
2863632,류도그담당(114.202),방이 하얀색으로 가득하다,06.10 21:18:32
2863630,류도그담당(114.202),ㅋㅋㅋㅋㅋㅋㅋㅋㅋㅋㅋㅋㅋㅋㅋㅋㅋㅋㅋㅋㅋㅋㅋㅋㅋㅋㅋㅋㅋㅋㅋㅋㅋㅋㅋㅋㅋㅋㅋㅋㅋㅋㅋㅋㅋㅋㅋㅋㅋㅋㅋㅋㅋㅋㅋㅋㅋ,06.10 21:18:45
2863630,ㅆㅇㅆ(124.216),ㅋㅋㅋㅋㅋㅋ,06.10 21:36:12
2863629,프갤러1(211.235),그렇게 도태되는거지.... 뭐,06.10 21:13:34
2863629,글쓴 프갤러(112.148),흑흑,06.10 22:26:34
2863629,ㅇㅇ,프롬프트 쓸 10년차는 필요함,06.10 21:13:51
2863629,글쓴 프갤러(112.148),난 1년찬디,06.10 22:26:14
2863629,ㅇㅇ,"별 문제 없을 거 같은데? 어차피 공고엔 ""커서 프롬프트 사용 가능한 10년차 개발자 모집"" <- 이렇게 올라올 듯 ㅋㅋㅋ (근데 ai 나온지 5년일 때 ㅋㅋㅋ)",06.10 22:12:24
2863629,글쓴 프갤러(112.148),그게 별문제일듯,06.10 22:26:28
2863629,프갤러2(211.235),개발자 미래 안전함 ㅇㅅㅇ,06.11 08:23:59
2863628,프갤러1(121.183),플머 일이 뭐 다 그렇지,06.11 10:36:54
2863626,프갤러1(49.165),그에 반해 러스트는 왜 저럼? ㅇㅅㅇ,06.10 21:20:58
2863623,류도그담당(114.202),자바하니 강무현씨가 그립읍니다,06.10 20:57:18
2863623,ㅆㅇㅆ(124.216),그립습니다..,06.10 21:02:25
2863623,known,솔직히 근데 자바만큼 뒤져야하는 언어가 없는데 그딴걸 왜함? 이라고 하면 욕먹으려나?할튼 전자정부 프레임워크 시대에 뒤떨어진 java백엔드 프레임워크...솔직히 내가 웹개발을 잘아는건 아닌데,06.10 21:29:42
2863623,known,요즘 웹개발은 JS계열이 끝내지 않았나?,06.10 21:30:14
2863623,known,"그리고 자바가 솔직히 어디에 쓸 모 있는건가?C#, Dart보다 AOT안되서 속도는 딸리고그렇다고 Python처럼 쉬운것도 아닌데어중간위치로 별로? 매력이 없다...",06.10 21:31:11
2863621,known,"그런 당신을 위해 잘못 써도 속도가 (그럭저럭)나오는 언어! nim!이녀석은 C로 트랜스파일되서 속도가 미쳤고요.GC, ARC, ORC, none중 선택해서 메모리 안정성, 속도도 적당히 선택할 수 있고요.",06.10 21:35:36
2863614,프갤러1(39.117),0.00001%는 재능이고 나머지 99.99999%는 노가다임,06.10 20:46:27
2863614,ㅇㅇ,모든건 재능임,06.10 20:47:43
2863612,known,일단 vscode까는 법 알려드릴께요.1. snap설치(우분투기준)sudo apt install snapd2. snap활성화sudo systemctl enable snapd.socket3. vscode를 깐다.sudo snap install code --classic끝리눅스 만세!,06.10 21:33:03
2863612,known,arch는 pacman으로 하시면 됩니다!,06.10 21:34:00
2863611,ㅆㅇㅆ(124.216),나 베릴로그 과제 프로인데,06.10 19:59:42
2863611,ㅆㅇㅆ(124.216),AI 베릴로그 잘못하긴함,06.10 19:59:56
2863611,ㅇㅇ(121.170),ㅇㄴ 그렇군요,06.10 20:07:28
2863611,ㅆㅇㅆ(124.216),나한테 베릴로그 맡기던가,06.10 21:43:28
2863611,프갤러1(1.221),맛비  - dc App,06.10 22:20:08
2863610,슈퍼막코더(126.133),그러니 황흐프하자 이기,06.10 20:23:55
2863610,응게이(1.249),황흐프가 뭐야??,06.10 20:25:26
2863610,슈퍼막코더(126.133),@응게이(1.249) 본명은 php님이시다 이기,06.10 20:29:11
2863610,응게이(1.249),아 ㅋㅋㅋㅋㅋ  황흐프님이 분절을 좀 싫어하시긴 하시지.,06.10 20:35:13
2863609,known,진짜 낭만 기술스택요?운영체제한국에서 운영체제 한다는건 자기가 즐기지 않는한 불가능,06.10 21:39:50
2863606,류도그담당(114.202),이제 안올거야?,06.10 18:26:08
2863606,아스카영원히사랑해,대장에 똥이 들어차면 글 싸러 와야지,06.10 18:43:57
2863606,재현,갓생~~  - dc App,06.10 18:51:06
2863606,익명의따당이,너도 빡세게 사는구낭 ㅇㅅㅇ,06.10 18:59:54
2863606,ㅇㅇ,방송대 어떰? 어려움?,06.10 19:08:36
2863606,아스카영원히사랑해,나는 졸업이 목표로 공부는 덜함 근데 공부하고자하면 정규대학과 다를 바 없음 ㅇㅅㅇ,06.10 20:54:37
2863606,프갤러1(106.102),그럴시간이 어딨어! ㅇ ㅅㅇ...,06.10 19:09:02
2863606,아스카영원히사랑해,열심히 하면 저거 70퍼까지는 가능함,06.10 20:19:49
2863605,재현,냥덩이 정치적인 사고 그만!  - dc App,06.10 18:49:57
2863603,류도그담당(223.39),안될거,06.10 17:55:42
2863603,프갤러1(211.36),되면 재능충? 아니면 걍 불가능?,06.10 18:41:29
2863603,프갤러2(106.102),@프갤러1(211.36) 될 애들은 이런거 안물어봄 ㅇ ㅅㅇ,06.10 19:08:01
2863603,프갤러1(211.36),@프갤러2(106.102) 시비걸지말고 대답이나 해줘잉~,06.10 22:01:02
2863603,프갤러3(175.197),우테코는 보통 경력쌓고 들어가던데,06.10 19:29:44
2863603,프갤러1(211.36),공고에는 입문자 우선이라고 되어있던디 경력자가 심화과정하러 가는 경우도 많나봐?,06.10 22:01:58
2863602,류도그담당(223.39),이 바닥 우습게 보지마세요 ~,06.10 17:53:40
2863602,프갤러1(106.102),근데 진짜 있는거임? 유머가 아니라??,06.10 17:57:49
2863602,ㅇㅇ(211.235),과장된 면이 있지만 거짓은 아님별걸다 영어 단어로 쓰려는 경향이 있음,06.10 19:31:13
2863599,ㅆㅇㅆ(124.216),딴갤 가,06.10 17:31:34
2863599,류도그담당(114.202),훠이훠이,06.10 20:57:34
2863597,프갤러1(211.235),뭘가든 똑같은거함,06.10 17:41:34
2863597,프갤러2(14.52),암거나하고 2년뒤에 취업 ㄱㄱ ㅋㅋ,06.12 12:20:09
2863596,ㅇㅇ(114.205),저칩은 라즈파이아님?,06.10 17:30:01
2863596,ㅆㅇㅆ(124.216),맞음,06.10 17:31:24
2863596,ㅆㅇㅆ(124.216),근데 그거나 그거나,06.10 17:37:41
2863596,프갤러1(211.235),12만원밖에안함?,06.10 17:42:15
2863596,슈퍼막코더(126.133),캬 쌉능력자,06.10 20:25:21
2863593,프갤러1(211.235),전과자졸업생이 그렇게많음?,06.10 16:06:35
2863592,ㅇㅇ(140.248),매출총이익이 편돌이 보다도 못하는 스타트업이 태반인데 인재 이지랄 ㅋㅋ,06.10 16:00:54
2863592,글쓴 프갤러(211.235),편돌이 10년해봤자최저시급이다.개발자 10년하면 진짜 개폐급도 5천이상받는다,06.10 16:06:12
2863592,ㅇㅇ(115.23),ㄹㅇ,06.10 17:40:20
2863589,ㅇㅇ(140.248),조선에 개판 아닌 회사가 없다 개판 아닌 회사면 openai 목아지땄지,06.10 15:31:14
2863589,프갤러1(183.101),개판에는 이유가있어,06.10 16:00:16
2863588,프갤러1(211.235),유현아 로그인 해라,06.10 15:50:56
2863588,류도그담당(223.39),온 세상이 유현이다,06.10 16:16:57
2863587,프갤러1(211.235),유현아로그인해라,06.10 15:51:14
2863586,ㅇㅇ(115.23),패션~ 패션~,06.10 17:43:38
2863581,프갤러1(211.235),창립멤버끼린 수평적임 ㅇㅅㅇ,06.10 14:45:19
2863581,프갤러1(211.235),그리고 스타트업은 대부분 새로뽑는개 아니라 알던놈들 데려오는게 많아서 그 점에서도 수평적임 ㅇㅅㅇ ㅋㅋ 스타트업 차리고 나서 공채보고 새로 들어온놈들은 해당없어,06.10 14:45:54
2863581,ㅇㅇ(172.225),ㄹㅇ 고인물끼리만 수평적임 ㅋㅋㅋ 그래서 개좆같다 하니 똥씹은표정 짓더라,06.10 14:50:21
2863581,ㅇㅇ(172.225),스타트업 공채는 걍 노예임 스타트업좋다는것도 10년전 얘기고 요즘스타트업은 걍 투자금에 눈먼 탐욕 이기주의집단일뿐 gpt 이후로 걍 1인개발 1인창업이 더 나을듯 열정 실력 있으면,06.10 14:51:20
2863580,프갤러1(61.85),어떻게 바뀌었는데,06.10 14:44:51
2863579,프갤러1(211.235),너강유현이지,06.10 14:32:56
2863578,프갤러1(211.235),너강유현이지,06.10 14:32:50
2863578,아스카영원히사랑해,여긴응디시티,06.10 14:57:45
2863576,ㅇㅇ(211.235),ㅈㄹ하네,06.10 14:09:45
2863576,프갤러1(211.235),야근확정,06.10 14:10:31
2863575,류도그담당(223.39),어디까지 가는거냐,06.10 14:06:55
2863574,ㅆㅇㅆ(124.216),카프카 기준이면 초급인데 대용량 초기 아닌가? 맞는것같음,06.10 13:57:18
2863574,ㅆㅇㅆ(124.216),대용량 맞다 생각,06.10 13:57:24
2863574,글쓴 프갤러(211.235),이거쓰고이직해야겟다 ㅇㅅㅇㅋㅋ,06.10 13:58:13
2863574,ㅇㅇ(211.234),1분에 3만 row는 대용량임.,06.10 14:17:31
2863574,ㅇㅇ(211.234),"2ms 데이터 일 가능성은 거의 없고, 여러 곳에서 오는 데이터의 힙계가 3만개 이겠군. Tc 여러개의 시계열 데이터이면 기본적인 수준이고.전표 같은 macro 데이터이면 진짜 대용량 맞음.",06.10 14:22:08
2863574,글쓴 프갤러(211.235),고수임 ㅇㅅㅇ?걍 자동화공장 mes 데이터 처리해주는거함ㅇㅅㅇㅋㅋ,06.10 14:23:55
2863574,ㅆㅇㅆ찡,와 빡고수네,06.10 14:59:23
2863574,프갤러1(27.175),초당 3만건 정도 해야 어디 가서 거들먹거릴 수 있음  - dc App,06.10 18:54:34
2863573,프갤러1(211.235),i do? you know?,06.10 13:50:47
2863573,ㅆㅇㅆ찡,섹스,06.10 13:51:54
2863572,프갤러1(211.235),겠냐,06.10 13:45:16
2863572,글쓴 프갤러(218.239),컴파일러나 운영체제 같은것도 꼭 알아야 하나요?그럼 컴퓨터공학에서 배우는 모든 지식을 알아야 하는건가요?어플 만드는데 왜 컴파일러 운영체제 이런게 필요한지 아직 잘 모르겠어요,06.10 13:47:04
2863572,프갤러1(211.235),@글쓴 프갤러(218.239) 겠냐,06.10 13:47:11
2863572,류도그담당(223.39),내가 그걸 다 알지 못하니까 사람을 뽑아쓰겠지,06.10 13:46:41
2863572,글쓴 프갤러(218.239),그럼 취업이나 창업하려면 컴퓨터공학에서 배우는걸 모두 알아야 할수있나요?,06.10 13:51:13
2863572,류도그담당(223.39),노노 적당히 알면 돼,06.10 14:00:15
2863572,프갤러2(122.128),창업은 가능,06.10 13:54:08
2863572,ㅇㅇ(222.100),"보안적인 부분이랑 성능적인 부분을 강화하려면 cs 지식이 필요한거고, 그냥 창업부터 헤딩해보려면 웹프로그래밍 지식만 갖고도 해볼수있음. cs를 알면 서비스를 효율적으로 운용이 가능하다는 차이점?",06.10 17:19:31
2863571,밀우,백업을 별도 솔루션에 일방향으로해야지 그걸 레이드건 하드에 같이 백업하는 회사가 어딛노,06.10 13:42:41
2863571,글쓴 프갤러(211.235),그것도 실시간으로 넣으면 메인서버 어긋난시점에서 어긋난거까지 백업되는거 않임?,06.10 13:43:44
2863571,글쓴 프갤러(211.235),예를들면 메인에서 테이블 드랍시켜버리면 백업 솔루션에서도 드랍되는거잔아 ㅇㅅㅇ,06.10 13:44:51
2863571,밀우,어긋난 시점이 뭘말하는지모르겟네 증분백업으로 계속 쌓으면 실시간으로 가능할탠데,06.10 13:45:30
2863571,밀우,@글쓴 프갤러(211.235) 아니 백업이 기존 백업데이터를 덮어쓰진않지;; 변동사항만 반영하는어여,06.10 13:45:50
2863571,글쓴 프갤러(211.235),@밀우 드랍도 변동사항이잔음 ㅇㅅㅇ..,06.10 13:46:14
2863571,밀우,@글쓴 프갤러(211.235) 그니까 증분백업으로 특정시점까지 데이터 쌓다가 drop로그를 남기는거지 그러면 그 시점부터는 데이터가 날라가지만 그 이전시점으로 조회시에는 쌓인데이터가 날라가진않는다고,06.10 13:47:20
2863571,밀우,"@글쓴 프갤러(211.235) MySQL에서 증분 백업을 진행한 후 데이터베이스 테이블을 삭제 (DROP)할 경우,삭제된 테이블에 대한 데이터가 증분 백업 파일에 남아있게 됩니다.이 경우 증분 백업으로 복구할 때 해당 테이블이 존재하지 않아서 오류가 발생할 수 있습니다.증분 백업을 이용한 복구 시에는 기존 백업 파일과 증분 백업 파일을 모두 사용하여 복구해야 하므로, 삭제된 테이블에 대한 정보가 복구 과정에 영향을 줄 수 있습니다.따라서 증분 백업 후 테이블을 삭제하기 전에, 증분 백업 파일에 삭제된 테이블에 대한 정보가 포함되지 않도록 조치하거나, 삭제된 테이블을 포함하지 않는 새로운 전체 백업을 수행하는 것이 좋습니다.ㅇㅋ?",06.10 13:48:01
2863571,글쓴 프갤러(211.235),@밀우 결국 실시간은 안되는군 ㅇㅅㅇ,06.10 13:49:05
2863571,글쓴 프갤러(211.235),@밀우 그래도 아이디어 얻었다 백업서버 4개쓰는데 인터벌 나눠서 어떻게 깔아두면 뭐라도 될거같음 연구해봐야겟노 ㅇㅅㅇ 고맙다이기야,06.10 13:49:57
2863571,밀우,@글쓴 프갤러(211.235) 실시간은 백업솔루션이 실시간으로 해줄탠데 뭐 나도 백업쪽을 빡세게공부한건 아니라 모름 암튼 내부적으로 커밋시마다 증분백업에 대한 데이터를 날리도록 할수도있을거고.. 완전히 패킷하나까지 복구는 힘들지도,06.10 13:52:07
2863570,밀우,1테라면 데이터 그대로 복사하는데도 10분은걸리겟다,06.10 13:29:39
2863570,글쓴 프갤러(211.235),ㅜㅜ,06.10 13:30:08
2863570,글쓴 프갤러(211.235),Db dump리스토어하는것도 넘오래걸려 ㅇㅅㅇ 리스토어 시간 줄이려고 클러스터링도 안하고 덤프뜨는데,06.10 13:30:45
2863570,밀우,@글쓴 프갤러(211.235) 머더라 sqlp딸때 db복구할때 제약조건 싹 날려버리고 redo로그 안쌓게 nologging걸면 빨라진댓는데 안써봐서몰루,06.10 13:37:00
2863570,프갤러1(61.85),SSD 선 뽑고 다른 레플리카 SSD에 꽂기,06.10 15:00:11
2863569,밀우,서버가하나뿐인겨? ㄹㅇㄷ는 먼소린겨 예스에서 통제중인가 이틀째인데도 뭔 얘기가 블라던 뉴스던 안뜨네,06.10 13:27:46
2863569,ㅆㅇㅆ(124.216),ㄹㅇ???,06.10 13:28:46
2863569,프갤러1(118.33),이북 올리는 사이트도 접속안되네 전체 다 먹통이라서 걱정..,06.10 13:36:03
2863569,익명의따당이,ㅇ직도? 어제도안되던데,06.10 15:56:29
2863567,ㅆㅇㅆ(124.216),ㄹㅇ??,06.10 13:19:28
2863567,아스카영원히사랑해,첫만남에 서로 눈빛교환 성공,06.10 13:20:14
2863567,류도그담당(223.39),제발 겉과 속이 다른 사람이여라,06.10 13:20:23
2863567,프갤러1(211.235),넉살좋은 영퐁티 <<존재하지않음 악독하고 표독함,06.10 13:26:39
2863564,ㅆㅇㅆ(124.216),ㄹㅇ 서울대생이 똑똑하노,06.10 13:13:22
2863564,류도그담당(223.39),저 말 듣고나서 상대방이 잘 몰라도 그럴수도 있겠구나라는 생각이 듬,06.10 13:15:37
2863563,ㅆㅇㅆ(124.216),관절이 시려서..,06.10 13:11:03
2863563,류도그담당(223.39),계단의 지평선 ㅇㅂ,06.10 13:12:49
2863562,ㅆㅇㅆ(124.216),사이트는 없고 니가 로컬 LLM 모델 다운받아서 만들순있음,06.10 13:07:38
2863562,글쓴 프갤러(211.221),오류적은 LLM 모델 추천 해주실 수 있음?,06.10 13:44:34
2863561,프갤러1(211.235),품번좀,06.10 13:27:03
2863560,ㅇㅇ(106.72),한국에서만 특히 그럼,06.10 12:56:28
2863560,ㅆㅇㅆ(124.216),ㄹㅇ,06.10 12:56:58
2863560,프갤러1(211.235),개발자 자체가 사회성 떨어지는얘들만 하는거라 그럼 ㅇㅅㅇ,06.10 12:57:40
2863560,ㅆㅇㅆ(124.216),섹스,06.10 12:58:14
2863560,프갤러1(211.235),봉천섹스 ㅇㅅㅇ,06.10 12:58:22
2863560,류도그담당(223.39),트리 디비에 들어감그래프 야동 사이트 빨리 접속할때Dfs 뭐 먹을지 고민될때,06.10 12:59:36
2863560,ㅆㅇㅆ(124.216),저 자위할때 트리로 함,06.10 13:00:00
2863560,류도그담당(223.39),개미친 삼대남 새끼,06.10 13:00:23
2863560,ㅆㅇㅆ(124.216),@류도그담당(223.39) dkdk rkqjfut,06.10 13:00:46
2863560,ㅆㅇㅆ(124.216),@류도그담당(223.39) 아아...가버렷,06.10 13:01:04
2863560,ㅇㅇ,실전 개발자 무시하고 CS글로 개념글 보내던 친구가 맞나 싶을 정도의 드립이군,06.10 13:03:08
2863560,ㅆㅇㅆ(124.216),나는 실전개발자 무시 안했음 ㅡㅡ,06.10 13:04:10
2863560,ㅆㅇㅆ(124.216),"실전 개발자 무시한 적 없고, 대부분 경력 존중함. 막코더 행님 경력에 대해서 존중하잖아. 근데 무시하는게 아니라 저렇게 남을 무시한다는 그걸 깐거지",06.10 13:04:42
2863560,ㅇㅇ,뭐 매일 싸우는거 같아서 아니라면 오해해서 미안,06.10 13:05:33
2863560,ㅆㅇㅆ(124.216),"@ㅇㅇ 싸우는건 그걸로 싸우는거지 남 무시하니까. 약간 다르게 봐야지내가 CS 개념글 쓰는 건 내 공부 되새김질 하는거고, CS 조금안다고 남을 무시할 성질의 그건 아님근데 내가 싸운건 그걸로 남을 무시한 애들이랑 싸운거지. 이 차이는 되게 큼",06.10 13:06:19
2863560,ㅇㅇ(114.205),이론과 실무의 괴리를 알아봤자 남좋은 일 만 하는거,06.10 17:51:44
2863559,ㅆㅇㅆ(124.216),ㄹㅇ?,06.10 12:56:13
2863559,글쓴 프갤러(211.235),ㄹㅇ,06.10 12:56:47
2863559,ㅇㅇ(211.235),저럴거면 왜 씀,06.10 13:34:07
2863559,글쓴 프갤러(211.235),tsx썻잔아 한잔해~,06.10 13:34:48
2863559,ㅇㅇ(211.235),modern cpp 하나도 모르는데 cpp 잘한다고 착각하는 거랑 비슷하네요,06.10 13:36:56
2863558,류도그담당(223.39),Js같은 엠제트 언어는 할애비는 힘들답니다,06.10 12:56:05
2863557,프갤러1(211.235),누구나 직접 만들어서 쓰고싶어함 ㅇㅅㅇ위에서 이미 너보다 잘난 수많은 사람들이 모여서 쓰고 그보다 더 많은 이용자들이 쓰면서 수많은 시행착오를 겪고 고쳐나가며 검증된 게 있는데 왜 새로만드냐 공수도 공수고 이런문제 저런문제 발생할 확률만 커지는거 아니냐 ㅇㅅㅇ 하니까 못하는거죠 ㅇㅅㅇ,06.10 12:51:08
2863557,ㅆㅇㅆ(124.216),문제는 핵심은 그거임. 결국 그러면 남들과 다를바가 뭐가있는데 타인을 깔아뭉개는건지 모른다는거지,06.10 12:51:56
2863557,프갤러1(211.235),대부분의 개발자는 회사원이니 본문같은 논의를 하려면 대학원가셔야할듯 ㅇㅅㅇ,06.10 12:52:10
2863557,프갤러1(211.235),@ㅆㅇㅆ(124.216) 근데 타인 욕하는건 ㅇㅈ 선민의식 개 같잖거든여 ㄹㅇ,06.10 12:52:29
2863557,ㅇㅇ,또 뭐가 잘 안되니?,06.10 12:51:43
2863557,ㅆㅇㅆ(124.216),섹스,06.10 12:52:03
2863557,ㅇㅇ(106.72),Don’t reinvent the wheel,06.10 12:54:44
2863557,ㅆㅇㅆ(124.216),그렇지만 그 바퀴 사용법으로 남을 깔아뭉개는 건 다른 문제임,06.10 12:56:44
2863557,류도그담당(223.39),아 ㅋㅋ 나 프레임워크써서 개발 고순데 니네가 어쩔건데 다 못하잖아,06.10 12:55:08
2863557,응게이(211.234),"그냥 기본이나 했으면 좋겠다. 리팩토링 할줄 알고, 구문을 문맥에 따라 나누고함수를 일반화해서 만들었으면 함.그 이상은 바라지도 않는다.",06.10 14:24:50
2863556,류도그담당(223.39),원죄가 아니라 원종 ㅇㅂ,06.10 12:44:29
2863556,ㅆㅇㅆ(124.216),ㅇㅂ,06.10 12:45:04
2863556,프갤러1(1.242),sin은 cos로 나눠서 tan으로 만들어버리면 되니까,06.10 12:45:57
2863556,ㅆㅇㅆ(124.216),섹스,06.10 12:48:50
2863556,프갤러2(211.235),그래서 국내에서만 놀잔아요 ㅇㅅㅇ,06.10 12:49:11
2863556,ㅇㅇ(211.235),허세 지린다니까요 ㄹㅇ,06.10 13:35:23
2863555,류도그담당(223.39),나도 아직 못 얻어먹었는데,06.10 12:43:57
2863555,프갤러1(211.235),ㅇㅈ,06.10 12:47:07
2863554,ㅆㅇㅆ(124.216),자스 진짜 어려운거같음,06.10 12:37:28
2863554,류도그담당(223.39),C++와 c#을 주력으로 하는 나에겐 무근본으로 느껴지시더,06.10 12:37:57
2863554,프갤러1(211.235),"@류도그담당(223.39) 자유도 높은게 더 좋은거아닌가? 공산주의보단 민주주의, 민주주의보단 자유민주주의가 더 좋은거임",06.10 12:47:49
2863553,프갤러1(211.235),인터냇대중화랑 개발자랑 상관잇나요? 엄미리 보면 한국에 인터넷 깔리기 30년 전부터 다른나라는 다 썼는데 ㅇㅅㅇ,06.10 12:48:21
2863553,응게이(211.234),개발자 선민의식은 그냥 우물안의 개고리 새끼들이라서 그래.솔찍히 나도 개허접이고 그냥 보통 개발자인데주변 새끼들이 전부 빠가사리 개발자 밖에 없어서실력 좋다는 말 들음.그냥 한국 인재풀이 개병신일 뿐인데 말이야.,06.10 14:43:34
2863552,헬마스터,역방향으로 되야함,06.10 12:33:26
2863547,류도그담당(223.39),치킨집 준비 어떠신지,06.10 12:46:30
2863547,글쓴 프갤러(211.235),공무원 > 개발자 > 치킨집,06.10 12:46:57
2863545,류류(118.235),후장파괴학과 취업 가능 ㅇㅅㅇ,06.10 12:18:29
2863545,개멍청한유라,입벌린채로 변기에 쳐박혀있어 내가 입에 똥넣기대회 1등출신이에요  - dc App,06.10 12:19:45
2863545,헬마스터,똥을 파는 사업을 추진해보세요,06.10 12:32:32
2863545,개멍청한유라,트위터? 해볼게요  - dc App,06.10 13:06:53
2863544,개멍청한유라,a to z 다 하청시키던데요?  - dc App,06.10 12:18:04
2863544,글쓴 프갤러(211.235),님대기업임?,06.10 12:18:24
2863544,개멍청한유라,아뇨 하청이에오  - dc App,06.10 12:19:15
2863544,글쓴 프갤러(211.235),@개멍청한유라 아..네...,06.10 12:19:32
2863544,ㅇㅇ,하청이 다 해...,06.10 14:20:13
2863544,응게이(211.234),응 그냥 하청이 95%. 한다고 생각하면됨.,06.10 14:44:54
2863543,ㅆㅇㅆ(124.216),나도 그렇게 받고싶구나,06.10 12:14:57
2863543,글쓴 프갤러(211.235),ㄹㅇ,06.10 12:16:11
2863543,류류(118.235),그만큼 실적 경력이 있어야함 ㅇㅅㅇ,06.10 12:15:22
2863543,글쓴 프갤러(211.235),고졸 25년차도 받아주나요,06.10 12:15:46
2863536,류도그담당(211.184),옛날에 비베로 유틸만들고 놀던 아재들 보는거같구먼 ㅇㅅㅇ,06.10 11:24:57
2863536,ㅆㅇㅆ(124.216),ㅜㅜ,06.10 11:25:24
2863533,류도그담당(211.184),이거 왜 안되나요 권한이 없대요,06.10 11:18:21
2863533,아스카영원히사랑해,개새끼가 오늘 안으로 권한 준대,06.10 11:19:23
2863533,아스카영원히사랑해,개씨발 글 쓰자마자 요청사항 3번째 변경 해달라고 전화옴,06.10 11:22:11
2863533,아스카영원히사랑해,시발년이 왔다갔다 몇번을 변경하는 거야,06.10 11:23:33
2863533,ㅆㅇㅆ(124.216),섹스,06.10 11:18:34
2863533,아스카영원히사랑해,애널섹스,06.10 11:19:30
2863532,류도그담당(211.184),러씹좆 ㅁㅈㅎ,06.10 11:14:59
2863532,글쓴 프갤러(14.32),ㅗㅗ  - dc App,06.10 11:15:11
2863532,troublecoder,이게 맞다. 근데 gpt랑 rustc랑 존나 싸우는거 볼 수 있음 - dc App,06.10 11:15:54
2863531,troublecoder,호갱님 무는 것도 운빨이라.  - dc App,06.10 11:17:29
2863531,ㅆㅇㅆ(124.216),그러게요 형님,06.10 11:18:42
2863527,류도그담당(211.184),재귀함수,06.10 11:01:04
2863527,공기역학,근데 ㄹㅇ 이런 깡촌에서 염소고기를 왜파냐,06.10 11:01:39
2863527,공기역학,점심추천 계속 ㄱㄱ혓,06.10 11:01:53
2863527,류도그담당(211.184),한남충재귀해정식,06.10 11:03:37
2863527,공기역학,@류도그담당(211.184) 국밥도 땡기네 흠,06.10 11:04:31
2863527,류도그담당(211.184),나는 컬컬하게 매운 돼지국밥 좋아함 뻘건육수 ㅇㅅㅇ,06.10 11:05:14
2863527,공기역학,@류도그담당(211.184) ㅇㅋ ㅇㅅㅇ 반영해서 시키겠음,06.10 11:05:29
2863527,프갤러1(60.196),자바충 재귀해ㅠㅠ,06.10 12:03:25
2863527,공기역학,퓨ㅠㅠㅠㅠ,06.10 12:03:35
2863525,ㅆㅇㅆ찡,그거 제가 만듬,06.10 10:53:09
2863525,류도그담당(211.184),진짜 왜 안 만듬? 못 만드는건 아닐텐디 ㅇㅅㅇ,06.10 10:53:50
2863525,troublecoder,c++ 속도는 못 맞춤. 일단 컴파일타임에 타입도 결정되야해서;; 파이썬 느린 부분만 numba로 조지거나 가장 가까운 예로는 mojo인데 얘는 걍 소유권부터 SIMD까지 다 장착되어있어서 파이썬보다 난이도도 높고 서드파티 빈약해서 애매한 포지션임 - dc App,06.10 11:14:39
2863525,ㅇㅇ,농담 아니고 그게 template인데 오히려 사람들이 더 어려워 함,06.10 12:39:21
2863525,류도그담당(223.39),어려워,06.10 12:41:22
2863524,류도그담당(211.184),드르븐련,06.10 10:49:06
2863524,ㅇㅇ,킁킁,06.10 10:54:19
2863524,개멍청한유라,다 처먹어  - dc App,06.10 10:54:45
2863524,ㅆㅇㅆ찡,월급은 똥으로 받으리라,06.10 10:56:18
2863524,헬마스터,더멍유씨는 언제쯤 교양이란게 생길까요?,06.10 11:03:48
2863524,개멍청한유라,얼른 해줘 축하  - dc App,06.10 11:05:46
2863523,류도그담당(211.184),유현이 회사일때문에 바쁘데,06.10 10:48:33
2863523,ㅆㅇㅆ찡,니가 죽였어,06.10 10:49:54
2863523,프갤러1(211.235),니가 죽였어,06.10 11:51:37
2863522,류도그담당(211.184),나 씨플플 고순데,06.10 10:48:24
2863522,ㅆㅇㅆ찡,보지,06.10 10:49:42
2863522,갤러(125.141),ㅆㅇㅆ형 질문글쓴이인데 https://isocpp.github.io/CppCoreGuidelines/CppCoreGuidelines 이 링크가 코어가이드라인이야?  - dc App,06.10 20:58:27
2863522,갤러(125.141),위 링크 맞으면 비야네스트룹 책중에 a tour of c++ 책이랑 저 가이드라인 링크 사이트랑 둘중 맨처음 접하기 뭐가 나아? 봐도 모르겠어서 핑프식으로 질문하는건 좀 봐줘..  - dc App,06.10 21:00:55
2863522,ㅆㅇㅆ(124.216),@갤러(125.141) 걍 코어 가이드라인이 항상 최신이니 그거봐라,06.10 21:02:14
2863522,갤러(125.141),@ㅆㅇㅆ(124.216) 저 링크 맞음? 책 아니라 잘 안읽혀서 그려 ㅠ  - dc App,06.10 21:02:51
2863522,ㅆㅇㅆ(124.216),@갤러(125.141) ㅇㅇ 그거 맞음,06.10 21:07:27
2863522,갤러(125.141),@ㅆㅇㅆ(124.216) 고마우잉  - dc App,06.10 21:08:11
2863520,개멍청한유라,다들 그래 걱정말도록  - dc App,06.10 10:47:38
2863520,프갤러1(211.235),공백이얼마길래,06.10 11:51:22
